020001,"Thu Oct 7, 2010",12:00 PM ET,CAROLINA,MINNESOTA
020002,"Thu Oct 7, 2010",7:00 PM ET,MONTREAL,TORONTO
020003,"Thu Oct 7, 2010",7:00 PM ET,PHILADELPHIA,PITTSBURGH
020004,"Thu Oct 7, 2010",10:00 PM ET,CHICAGO,COLORADO
020005,"Thu Oct 7, 2010",10:00 PM ET,CALGARY,EDMONTON
020006,"Fri Oct 8, 2010",12:00 PM ET,MINNESOTA,CAROLINA
020007,"Fri Oct 8, 2010",3:00 PM ET,SAN JOSE,COLUMBUS
020008,"Fri Oct 8, 2010",7:00 PM ET,DALLAS,NEW JERSEY
020009,"Fri Oct 8, 2010",7:30 PM ET,ANAHEIM,DETROIT
020010,"Fri Oct 8, 2010",7:30 PM ET,BUFFALO,OTTAWA
020011,"Fri Oct 8, 2010",7:30 PM ET,WASHINGTON,ATLANTA
020012,"Sat Oct 9, 2010",12:00 PM ET,PHOENIX,BOSTON
020013,"Sat Oct 9, 2010",3:00 PM ET,COLUMBUS,SAN JOSE
020014,"Sat Oct 9, 2010",7:00 PM ET,NY RANGERS,BUFFALO
020015,"Sat Oct 9, 2010",7:00 PM ET,OTTAWA,TORONTO
020016,"Sat Oct 9, 2010",7:00 PM ET,DALLAS,NY ISLANDERS
020017,"Sat Oct 9, 2010",7:00 PM ET,MONTREAL,PITTSBURGH
020018,"Sat Oct 9, 2010",7:00 PM ET,NEW JERSEY,WASHINGTON
020019,"Sat Oct 9, 2010",7:30 PM ET,ATLANTA,TAMPA BAY
020020,"Sat Oct 9, 2010",8:00 PM ET,PHILADELPHIA,ST LOUIS
020021,"Sat Oct 9, 2010",8:00 PM ET,ANAHEIM,NASHVILLE
020022,"Sat Oct 9, 2010",8:30 PM ET,DETROIT,CHICAGO
020023,"Sat Oct 9, 2010",10:00 PM ET,LOS ANGELES,VANCOUVER
020024,"Sun Oct 10, 2010",10:00 AM ET,BOSTON,PHOENIX
020025,"Sun Oct 10, 2010",8:00 PM ET,LOS ANGELES,CALGARY
020026,"Sun Oct 10, 2010",8:00 PM ET,FLORIDA,EDMONTON
020027,"Mon Oct 11, 2010",1:00 PM ET,NY RANGERS,NY ISLANDERS
020028,"Mon Oct 11, 2010",2:00 PM ET,ANAHEIM,ST LOUIS
020029,"Mon Oct 11, 2010",4:00 PM ET,PITTSBURGH,NEW JERSEY
020030,"Mon Oct 11, 2010",7:00 PM ET,CHICAGO,BUFFALO
020031,"Mon Oct 11, 2010",7:00 PM ET,COLORADO,PHILADELPHIA
020032,"Mon Oct 11, 2010",7:00 PM ET,OTTAWA,WASHINGTON
020033,"Mon Oct 11, 2010",10:00 PM ET,FLORIDA,VANCOUVER
020034,"Tue Oct 12, 2010",7:30 PM ET,COLORADO,DETROIT
020035,"Tue Oct 12, 2010",10:30 PM ET,ATLANTA,LOS ANGELES
020036,"Wed Oct 13, 2010",7:00 PM ET,NEW JERSEY,BUFFALO
020037,"Wed Oct 13, 2010",7:00 PM ET,NY ISLANDERS,WASHINGTON
020038,"Wed Oct 13, 2010",7:30 PM ET,TAMPA BAY,MONTREAL
020039,"Wed Oct 13, 2010",7:30 PM ET,TORONTO,PITTSBURGH
020040,"Wed Oct 13, 2010",8:30 PM ET,NASHVILLE,CHICAGO
020041,"Wed Oct 13, 2010",10:00 PM ET,VANCOUVER,ANAHEIM
020042,"Thu Oct 14, 2010",7:00 PM ET,TAMPA BAY,PHILADELPHIA
020043,"Thu Oct 14, 2010",7:00 PM ET,CAROLINA,OTTAWA
020044,"Thu Oct 14, 2010",8:00 PM ET,ST LOUIS,NASHVILLE
020045,"Thu Oct 14, 2010",8:30 PM ET,EDMONTON,MINNESOTA
020046,"Thu Oct 14, 2010",8:30 PM ET,DETROIT,DALLAS
020047,"Thu Oct 14, 2010",9:30 PM ET,FLORIDA,CALGARY
020048,"Fri Oct 15, 2010",7:00 PM ET,COLORADO,NEW JERSEY
020049,"Fri Oct 15, 2010",7:00 PM ET,TORONTO,NY RANGERS
020050,"Fri Oct 15, 2010",7:00 PM ET,NY ISLANDERS,PITTSBURGH
020051,"Fri Oct 15, 2010",7:00 PM ET,CHICAGO,COLUMBUS
020052,"Fri Oct 15, 2010",7:30 PM ET,MONTREAL,BUFFALO
020053,"Fri Oct 15, 2010",10:00 PM ET,ATLANTA,ANAHEIM
020054,"Fri Oct 15, 2010",10:30 PM ET,VANCOUVER,LOS ANGELES
020055,"Sat Oct 16, 2010",6:00 PM ET,PITTSBURGH,PHILADELPHIA
020056,"Sat Oct 16, 2010",7:00 PM ET,OTTAWA,MONTREAL
020057,"Sat Oct 16, 2010",7:00 PM ET,BOSTON,NEW JERSEY
020058,"Sat Oct 16, 2010",7:00 PM ET,COLORADO,NY ISLANDERS
020059,"Sat Oct 16, 2010",7:00 PM ET,TAMPA BAY,FLORIDA
020060,"Sat Oct 16, 2010",8:00 PM ET,WASHINGTON,NASHVILLE
020061,"Sat Oct 16, 2010",8:00 PM ET,COLUMBUS,MINNESOTA
020062,"Sat Oct 16, 2010",8:30 PM ET,ST LOUIS,DALLAS
020063,"Sat Oct 16, 2010",8:30 PM ET,BUFFALO,CHICAGO
020064,"Sat Oct 16, 2010",9:00 PM ET,DETROIT,PHOENIX
020065,"Sat Oct 16, 2010",10:00 PM ET,EDMONTON,CALGARY
020066,"Sat Oct 16, 2010",10:30 PM ET,ATLANTA,SAN JOSE
020067,"Sun Oct 17, 2010",8:00 PM ET,PHOENIX,ANAHEIM
020068,"Sun Oct 17, 2010",9:00 PM ET,CAROLINA,VANCOUVER
020069,"Mon Oct 18, 2010",7:00 PM ET,NY ISLANDERS,TORONTO
020070,"Mon Oct 18, 2010",7:00 PM ET,COLORADO,NY RANGERS
020071,"Mon Oct 18, 2010",7:00 PM ET,OTTAWA,PITTSBURGH
020072,"Mon Oct 18, 2010",7:30 PM ET,DALLAS,TAMPA BAY
020073,"Mon Oct 18, 2010",8:30 PM ET,ST LOUIS,CHICAGO
020074,"Tue Oct 19, 2010",7:30 PM ET,BOSTON,WASHINGTON
020075,"Tue Oct 19, 2010",8:00 PM ET,CALGARY,NASHVILLE
020076,"Tue Oct 19, 2010",9:00 PM ET,VANCOUVER,MINNESOTA
020077,"Tue Oct 19, 2010",10:30 PM ET,CAROLINA,SAN JOSE
020078,"Wed Oct 20, 2010",7:00 PM ET,BUFFALO,ATLANTA
020079,"Wed Oct 20, 2010",7:00 PM ET,ANAHEIM,COLUMBUS
020080,"Wed Oct 20, 2010",9:00 PM ET,VANCOUVER,CHICAGO
020081,"Wed Oct 20, 2010",10:30 PM ET,CAROLINA,LOS ANGELES
020082,"Thu Oct 21, 2010",7:00 PM ET,WASHINGTON,BOSTON
020083,"Thu Oct 21, 2010",7:00 PM ET,NY RANGERS,TORONTO
020084,"Thu Oct 21, 2010",7:00 PM ET,ANAHEIM,PHILADELPHIA
020085,"Thu Oct 21, 2010",7:30 PM ET,CALGARY,DETROIT
020086,"Thu Oct 21, 2010",7:30 PM ET,NEW JERSEY,MONTREAL
020087,"Thu Oct 21, 2010",7:30 PM ET,NY ISLANDERS,TAMPA BAY
020088,"Thu Oct 21, 2010",7:30 PM ET,DALLAS,FLORIDA
020089,"Thu Oct 21, 2010",8:00 PM ET,PITTSBURGH,NASHVILLE
020090,"Thu Oct 21, 2010",9:00 PM ET,SAN JOSE,COLORADO
020091,"Thu Oct 21, 2010",9:30 PM ET,MINNESOTA,EDMONTON
020092,"Thu Oct 21, 2010",10:00 PM ET,LOS ANGELES,PHOENIX
020093,"Fri Oct 22, 2010",7:00 PM ET,CALGARY,COLUMBUS
020094,"Fri Oct 22, 2010",7:30 PM ET,OTTAWA,BUFFALO
020095,"Fri Oct 22, 2010",7:30 PM ET,TAMPA BAY,ATLANTA
020096,"Fri Oct 22, 2010",8:00 PM ET,CHICAGO,ST LOUIS
020097,"Fri Oct 22, 2010",10:00 PM ET,MINNESOTA,VANCOUVER
020098,"Sat Oct 23, 2010",7:00 PM ET,NY RANGERS,BOSTON
020099,"Sat Oct 23, 2010",7:00 PM ET,MONTREAL,OTTAWA
020100,"Sat Oct 23, 2010",7:00 PM ET,BUFFALO,NEW JERSEY
020101,"Sat Oct 23, 2010",7:00 PM ET,TORONTO,PHILADELPHIA
020102,"Sat Oct 23, 2010",7:00 PM ET,ATLANTA,WASHINGTON
020103,"Sat Oct 23, 2010",7:00 PM ET,NY ISLANDERS,FLORIDA
020104,"Sat Oct 23, 2010",7:00 PM ET,ANAHEIM,DETROIT
020105,"Sat Oct 23, 2010",8:00 PM ET,PITTSBURGH,ST LOUIS
020106,"Sat Oct 23, 2010",8:00 PM ET,NASHVILLE,DALLAS
020107,"Sat Oct 23, 2010",8:30 PM ET,COLUMBUS,CHICAGO
020108,"Sat Oct 23, 2010",9:00 PM ET,LOS ANGELES,COLORADO
020109,"Sat Oct 23, 2010",9:00 PM ET,CAROLINA,PHOENIX
020110,"Sat Oct 23, 2010",10:00 PM ET,SAN JOSE,EDMONTON
020111,"Sun Oct 24, 2010",6:00 PM ET,NASHVILLE,TAMPA BAY
020112,"Sun Oct 24, 2010",7:00 PM ET,NEW JERSEY,NY RANGERS
020113,"Sun Oct 24, 2010",8:00 PM ET,SAN JOSE,CALGARY
020114,"Mon Oct 25, 2010",7:00 PM ET,PHILADELPHIA,COLUMBUS
020115,"Mon Oct 25, 2010",7:30 PM ET,PHOENIX,MONTREAL
020116,"Mon Oct 25, 2010",8:00 PM ET,LOS ANGELES,MINNESOTA
020117,"Tue Oct 26, 2010",7:00 PM ET,FLORIDA,TORONTO
020118,"Tue Oct 26, 2010",7:30 PM ET,BUFFALO,PHILADELPHIA
020119,"Tue Oct 26, 2010",7:30 PM ET,PHOENIX,OTTAWA
020120,"Tue Oct 26, 2010",9:00 PM ET,EDMONTON,CALGARY
020121,"Tue Oct 26, 2010",9:00 PM ET,ANAHEIM,DALLAS
020122,"Tue Oct 26, 2010",10:00 PM ET,COLORADO,VANCOUVER
020123,"Wed Oct 27, 2010",7:00 PM ET,ATLANTA,NY RANGERS
020124,"Wed Oct 27, 2010",7:00 PM ET,WASHINGTON,CAROLINA
020125,"Wed Oct 27, 2010",7:30 PM ET,NY ISLANDERS,MONTREAL
020126,"Wed Oct 27, 2010",7:30 PM ET,PITTSBURGH,TAMPA BAY
020127,"Wed Oct 27, 2010",8:30 PM ET,LOS ANGELES,CHICAGO
020128,"Wed Oct 27, 2010",10:30 PM ET,NEW JERSEY,SAN JOSE
020129,"Thu Oct 28, 2010",7:00 PM ET,TORONTO,BOSTON
020130,"Thu Oct 28, 2010",7:00 PM ET,EDMONTON,COLUMBUS
020131,"Thu Oct 28, 2010",7:00 PM ET,FLORIDA,OTTAWA
020132,"Thu Oct 28, 2010",7:30 PM ET,PHOENIX,DETROIT
020133,"Thu Oct 28, 2010",8:00 PM ET,ST LOUIS,NASHVILLE
020134,"Thu Oct 28, 2010",8:00 PM ET,WASHINGTON,MINNESOTA
020135,"Thu Oct 28, 2010",8:30 PM ET,LOS ANGELES,DALLAS
020136,"Thu Oct 28, 2010",9:30 PM ET,COLORADO,CALGARY
020137,"Fri Oct 29, 2010",7:00 PM ET,MONTREAL,NY ISLANDERS
020138,"Fri Oct 29, 2010",7:00 PM ET,CAROLINA,NY RANGERS
020139,"Fri Oct 29, 2010",7:00 PM ET,PHILADELPHIA,PITTSBURGH
020140,"Fri Oct 29, 2010",7:30 PM ET,BUFFALO,ATLANTA
020141,"Fri Oct 29, 2010",8:30 PM ET,EDMONTON,CHICAGO
020142,"Fri Oct 29, 2010",10:00 PM ET,NEW JERSEY,ANAHEIM
020143,"Sat Oct 30, 2010",7:00 PM ET,NY RANGERS,TORONTO
020144,"Sat Oct 30, 2010",7:00 PM ET,FLORIDA,MONTREAL
020145,"Sat Oct 30, 2010",7:00 PM ET,BOSTON,OTTAWA
020146,"Sat Oct 30, 2010",7:00 PM ET,NY ISLANDERS,PHILADELPHIA
020147,"Sat Oct 30, 2010",7:00 PM ET,PITTSBURGH,CAROLINA
020148,"Sat Oct 30, 2010",7:00 PM ET,NASHVILLE,DETROIT
020149,"Sat Oct 30, 2010",8:00 PM ET,ATLANTA,ST LOUIS
020150,"Sat Oct 30, 2010",8:00 PM ET,CHICAGO,MINNESOTA
020151,"Sat Oct 30, 2010",8:00 PM ET,BUFFALO,DALLAS
020152,"Sat Oct 30, 2010",9:00 PM ET,COLUMBUS,COLORADO
020153,"Sat Oct 30, 2010",9:00 PM ET,TAMPA BAY,PHOENIX
020154,"Sat Oct 30, 2010",10:00 PM ET,WASHINGTON,CALGARY
020155,"Sat Oct 30, 2010",10:30 PM ET,NEW JERSEY,LOS ANGELES
020156,"Sat Oct 30, 2010",10:30 PM ET,ANAHEIM,SAN JOSE
020157,"Mon Nov 1, 2010",7:00 PM ET,CHICAGO,NY RANGERS
020158,"Mon Nov 1, 2010",7:00 PM ET,CAROLINA,PHILADELPHIA
020159,"Mon Nov 1, 2010",10:00 PM ET,NEW JERSEY,VANCOUVER
020160,"Tue Nov 2, 2010",7:00 PM ET,OTTAWA,TORONTO
020161,"Tue Nov 2, 2010",7:00 PM ET,MONTREAL,COLUMBUS
020162,"Tue Nov 2, 2010",8:00 PM ET,SAN JOSE,MINNESOTA
020163,"Tue Nov 2, 2010",9:00 PM ET,VANCOUVER,EDMONTON
020164,"Wed Nov 3, 2010",7:00 PM ET,BOSTON,BUFFALO
020165,"Wed Nov 3, 2010",7:00 PM ET,TORONTO,WASHINGTON
020166,"Wed Nov 3, 2010",7:00 PM ET,NY ISLANDERS,CAROLINA
020167,"Wed Nov 3, 2010",7:30 PM ET,ATLANTA,FLORIDA
020168,"Wed Nov 3, 2010",8:30 PM ET,NEW JERSEY,CHICAGO
020169,"Wed Nov 3, 2010",8:30 PM ET,PITTSBURGH,DALLAS
020170,"Wed Nov 3, 2010",9:30 PM ET,DETROIT,CALGARY
020171,"Wed Nov 3, 2010",10:00 PM ET,NASHVILLE,PHOENIX
020172,"Wed Nov 3, 2010",10:00 PM ET,TAMPA BAY,ANAHEIM
020173,"Thu Nov 4, 2010",7:00 PM ET,NY RANGERS,PHILADELPHIA
020174,"Thu Nov 4, 2010",7:00 PM ET,COLUMBUS,ATLANTA
020175,"Thu Nov 4, 2010",7:30 PM ET,NY ISLANDERS,OTTAWA
020176,"Thu Nov 4, 2010",8:00 PM ET,SAN JOSE,ST LOUIS
020177,"Thu Nov 4, 2010",9:00 PM ET,VANCOUVER,COLORADO
020178,"Thu Nov 4, 2010",10:30 PM ET,TAMPA BAY,LOS ANGELES
020179,"Fri Nov 5, 2010",7:00 PM ET,NY RANGERS,NEW JERSEY
020180,"Fri Nov 5, 2010",7:00 PM ET,BOSTON,WASHINGTON
020181,"Fri Nov 5, 2010",7:30 PM ET,MONTREAL,BUFFALO
020182,"Fri Nov 5, 2010",7:30 PM ET,CAROLINA,FLORIDA
020183,"Fri Nov 5, 2010",8:00 PM ET,CALGARY,MINNESOTA
020184,"Fri Nov 5, 2010",8:30 PM ET,PHOENIX,DALLAS
020185,"Fri Nov 5, 2010",9:00 PM ET,DETROIT,EDMONTON
020186,"Fri Nov 5, 2010",10:00 PM ET,PITTSBURGH,ANAHEIM
020187,"Sat Nov 6, 2010",7:00 PM ET,ST LOUIS,BOSTON
020188,"Sat Nov 6, 2010",7:00 PM ET,BUFFALO,TORONTO
020189,"Sat Nov 6, 2010",7:00 PM ET,OTTAWA,MONTREAL
020190,"Sat Nov 6, 2010",7:00 PM ET,PHILADELPHIA,NY ISLANDERS
020191,"Sat Nov 6, 2010",7:00 PM ET,FLORIDA,CAROLINA
020192,"Sat Nov 6, 2010",7:00 PM ET,CHICAGO,ATLANTA
020193,"Sat Nov 6, 2010",7:00 PM ET,MINNESOTA,COLUMBUS
020194,"Sat Nov 6, 2010",9:00 PM ET,DALLAS,COLORADO
020195,"Sat Nov 6, 2010",9:00 PM ET,PITTSBURGH,PHOENIX
020196,"Sat Nov 6, 2010",10:00 PM ET,NASHVILLE,LOS ANGELES
020197,"Sat Nov 6, 2010",10:00 PM ET,DETROIT,VANCOUVER
020198,"Sat Nov 6, 2010",10:30 PM ET,TAMPA BAY,SAN JOSE
020199,"Sun Nov 7, 2010",5:00 PM ET,PHILADELPHIA,WASHINGTON
020200,"Sun Nov 7, 2010",7:00 PM ET,ST LOUIS,NY RANGERS
020201,"Sun Nov 7, 2010",7:00 PM ET,EDMONTON,CHICAGO
020202,"Sun Nov 7, 2010",8:00 PM ET,NASHVILLE,ANAHEIM
020203,"Mon Nov 8, 2010",7:30 PM ET,PHOENIX,DETROIT
020204,"Tue Nov 9, 2010",7:00 PM ET,EDMONTON,CAROLINA
020205,"Tue Nov 9, 2010",7:30 PM ET,WASHINGTON,NY RANGERS
020206,"Tue Nov 9, 2010",7:30 PM ET,VANCOUVER,MONTREAL
020207,"Tue Nov 9, 2010",7:30 PM ET,ATLANTA,OTTAWA
020208,"Tue Nov 9, 2010",7:30 PM ET,TORONTO,TAMPA BAY
020209,"Tue Nov 9, 2010",9:30 PM ET,CALGARY,COLORADO
020210,"Tue Nov 9, 2010",10:30 PM ET,ANAHEIM,SAN JOSE
020211,"Wed Nov 10, 2010",7:00 PM ET,BUFFALO,NEW JERSEY
020212,"Wed Nov 10, 2010",7:00 PM ET,BOSTON,PITTSBURGH
020213,"Wed Nov 10, 2010",7:00 PM ET,ST LOUIS,COLUMBUS
020214,"Wed Nov 10, 2010",7:30 PM ET,TORONTO,FLORIDA
020215,"Wed Nov 10, 2010",8:30 PM ET,PHOENIX,CHICAGO
020216,"Wed Nov 10, 2010",10:00 PM ET,NY ISLANDERS,ANAHEIM
020217,"Thu Nov 11, 2010",7:00 PM ET,MONTREAL,BOSTON
020218,"Thu Nov 11, 2010",7:00 PM ET,BUFFALO,NY RANGERS
020219,"Thu Nov 11, 2010",7:00 PM ET,TAMPA BAY,WASHINGTON
020220,"Thu Nov 11, 2010",7:00 PM ET,PHILADELPHIA,CAROLINA
020221,"Thu Nov 11, 2010",7:00 PM ET,MINNESOTA,ATLANTA
020222,"Thu Nov 11, 2010",7:30 PM ET,EDMONTON,DETROIT
020223,"Thu Nov 11, 2010",7:30 PM ET,VANCOUVER,OTTAWA
020224,"Thu Nov 11, 2010",8:00 PM ET,NASHVILLE,ST LOUIS
020225,"Thu Nov 11, 2010",10:30 PM ET,DALLAS,LOS ANGELES
020226,"Thu Nov 11, 2010",10:30 PM ET,NY ISLANDERS,SAN JOSE
020227,"Fri Nov 12, 2010",7:00 PM ET,EDMONTON,NEW JERSEY
020228,"Fri Nov 12, 2010",7:00 PM ET,TAMPA BAY,PITTSBURGH
020229,"Fri Nov 12, 2010",7:00 PM ET,COLORADO,COLUMBUS
020230,"Fri Nov 12, 2010",7:30 PM ET,MINNESOTA,FLORIDA
020231,"Fri Nov 12, 2010",9:00 PM ET,CALGARY,PHOENIX
020232,"Fri Nov 12, 2010",10:00 PM ET,DALLAS,ANAHEIM
020233,"Sat Nov 13, 2010",7:00 PM ET,OTTAWA,BOSTON
020234,"Sat Nov 13, 2010",7:00 PM ET,WASHINGTON,BUFFALO
020235,"Sat Nov 13, 2010",7:00 PM ET,VANCOUVER,TORONTO
020236,"Sat Nov 13, 2010",7:00 PM ET,CAROLINA,MONTREAL
020237,"Sat Nov 13, 2010",7:00 PM ET,FLORIDA,PHILADELPHIA
020238,"Sat Nov 13, 2010",7:00 PM ET,PITTSBURGH,ATLANTA
020239,"Sat Nov 13, 2010",7:00 PM ET,COLORADO,DETROIT
020240,"Sat Nov 13, 2010",8:00 PM ET,CHICAGO,NASHVILLE
020241,"Sat Nov 13, 2010",8:00 PM ET,ST LOUIS,PHOENIX
020242,"Sat Nov 13, 2010",10:00 PM ET,CALGARY,SAN JOSE
020243,"Sat Nov 13, 2010",10:30 PM ET,NY ISLANDERS,LOS ANGELES
020244,"Sun Nov 14, 2010",12:30 PM ET,EDMONTON,NY RANGERS
020245,"Sun Nov 14, 2010",5:00 PM ET,ATLANTA,WASHINGTON
020246,"Sun Nov 14, 2010",5:00 PM ET,MINNESOTA,TAMPA BAY
020247,"Sun Nov 14, 2010",7:00 PM ET,ANAHEIM,CHICAGO
020248,"Mon Nov 15, 2010",7:00 PM ET,NEW JERSEY,BOSTON
020249,"Mon Nov 15, 2010",7:00 PM ET,VANCOUVER,BUFFALO
020250,"Mon Nov 15, 2010",7:00 PM ET,OTTAWA,PHILADELPHIA
020251,"Mon Nov 15, 2010",7:00 PM ET,NY RANGERS,PITTSBURGH
020252,"Mon Nov 15, 2010",8:00 PM ET,ST LOUIS,COLORADO
020253,"Mon Nov 15, 2010",10:30 PM ET,LOS ANGELES,SAN JOSE
020254,"Tue Nov 16, 2010",7:00 PM ET,NASHVILLE,TORONTO
020255,"Tue Nov 16, 2010",7:00 PM ET,PHILADELPHIA,MONTREAL
020256,"Tue Nov 16, 2010",9:00 PM ET,ANAHEIM,DALLAS
020257,"Wed Nov 17, 2010",7:00 PM ET,TAMPA BAY,NY ISLANDERS
020258,"Wed Nov 17, 2010",7:00 PM ET,BOSTON,NY RANGERS
020259,"Wed Nov 17, 2010",7:00 PM ET,VANCOUVER,PITTSBURGH
020260,"Wed Nov 17, 2010",7:00 PM ET,BUFFALO,WASHINGTON
020261,"Wed Nov 17, 2010",7:00 PM ET,OTTAWA,CAROLINA
020262,"Wed Nov 17, 2010",7:00 PM ET,FLORIDA,ATLANTA
020263,"Wed Nov 17, 2010",7:30 PM ET,ST LOUIS,DETROIT
020264,"Wed Nov 17, 2010",8:00 PM ET,ANAHEIM,MINNESOTA
020265,"Wed Nov 17, 2010",9:00 PM ET,SAN JOSE,COLORADO
020266,"Wed Nov 17, 2010",9:30 PM ET,PHOENIX,CALGARY
020267,"Wed Nov 17, 2010",9:30 PM ET,CHICAGO,EDMONTON
020268,"Wed Nov 17, 2010",10:30 PM ET,COLUMBUS,LOS ANGELES
020269,"Thu Nov 18, 2010",7:00 PM ET,FLORIDA,BOSTON
020270,"Thu Nov 18, 2010",7:00 PM ET,NEW JERSEY,TORONTO
020271,"Thu Nov 18, 2010",7:00 PM ET,TAMPA BAY,PHILADELPHIA
020272,"Thu Nov 18, 2010",7:30 PM ET,NASHVILLE,MONTREAL
020273,"Thu Nov 18, 2010",8:30 PM ET,SAN JOSE,DALLAS
020274,"Fri Nov 19, 2010",7:00 PM ET,CAROLINA,PITTSBURGH
020275,"Fri Nov 19, 2010",7:30 PM ET,MINNESOTA,DETROIT
020276,"Fri Nov 19, 2010",7:30 PM ET,LOS ANGELES,BUFFALO
020277,"Fri Nov 19, 2010",7:30 PM ET,WASHINGTON,ATLANTA
020278,"Fri Nov 19, 2010",8:00 PM ET,OTTAWA,ST LOUIS
020279,"Fri Nov 19, 2010",9:00 PM ET,NY RANGERS,COLORADO
020280,"Fri Nov 19, 2010",9:00 PM ET,PHOENIX,EDMONTON
020281,"Fri Nov 19, 2010",9:30 PM ET,CHICAGO,CALGARY
020282,"Fri Nov 19, 2010",10:00 PM ET,COLUMBUS,ANAHEIM
020283,"Sat Nov 20, 2010",7:00 PM ET,LOS ANGELES,BOSTON
020284,"Sat Nov 20, 2010",7:00 PM ET,TAMPA BAY,BUFFALO
020285,"Sat Nov 20, 2010",7:00 PM ET,TORONTO,MONTREAL
020286,"Sat Nov 20, 2010",7:00 PM ET,FLORIDA,NY ISLANDERS
020287,"Sat Nov 20, 2010",7:00 PM ET,PHILADELPHIA,WASHINGTON
020288,"Sat Nov 20, 2010",7:00 PM ET,NASHVILLE,CAROLINA
020289,"Sat Nov 20, 2010",8:00 PM ET,NEW JERSEY,ST LOUIS
020290,"Sat Nov 20, 2010",8:00 PM ET,NY RANGERS,MINNESOTA
020291,"Sat Nov 20, 2010",8:00 PM ET,COLORADO,DALLAS
020292,"Sat Nov 20, 2010",10:00 PM ET,CHICAGO,VANCOUVER
020293,"Sat Nov 20, 2010",10:30 PM ET,COLUMBUS,SAN JOSE
020294,"Sun Nov 21, 2010",5:00 PM ET,NY ISLANDERS,ATLANTA
020295,"Sun Nov 21, 2010",5:00 PM ET,CALGARY,DETROIT
020296,"Sun Nov 21, 2010",8:00 PM ET,EDMONTON,ANAHEIM
020297,"Sun Nov 21, 2010",9:00 PM ET,PHOENIX,VANCOUVER
020298,"Mon Nov 22, 2010",7:00 PM ET,DALLAS,TORONTO
020299,"Mon Nov 22, 2010",7:00 PM ET,WASHINGTON,NEW JERSEY
020300,"Mon Nov 22, 2010",7:00 PM ET,CALGARY,NY RANGERS
020301,"Mon Nov 22, 2010",7:00 PM ET,MONTREAL,PHILADELPHIA
020302,"Mon Nov 22, 2010",7:00 PM ET,NASHVILLE,COLUMBUS
020303,"Mon Nov 22, 2010",7:30 PM ET,LOS ANGELES,OTTAWA
020304,"Mon Nov 22, 2010",7:30 PM ET,BOSTON,TAMPA BAY
020305,"Mon Nov 22, 2010",7:30 PM ET,PITTSBURGH,FLORIDA
020306,"Tue Nov 23, 2010",9:00 PM ET,EDMONTON,PHOENIX
020307,"Wed Nov 24, 2010",7:00 PM ET,PITTSBURGH,BUFFALO
020308,"Wed Nov 24, 2010",7:00 PM ET,COLUMBUS,NY ISLANDERS
020309,"Wed Nov 24, 2010",7:00 PM ET,WASHINGTON,CAROLINA
020310,"Wed Nov 24, 2010",7:00 PM ET,DETROIT,ATLANTA
020311,"Wed Nov 24, 2010",7:30 PM ET,LOS ANGELES,MONTREAL
020312,"Wed Nov 24, 2010",7:30 PM ET,DALLAS,OTTAWA
020313,"Wed Nov 24, 2010",7:30 PM ET,CALGARY,NEW JERSEY
020314,"Wed Nov 24, 2010",7:30 PM ET,NY RANGERS,TAMPA BAY
020315,"Wed Nov 24, 2010",7:30 PM ET,BOSTON,FLORIDA
020316,"Wed Nov 24, 2010",8:00 PM ET,ST LOUIS,NASHVILLE
020317,"Wed Nov 24, 2010",8:00 PM ET,PHILADELPHIA,MINNESOTA
020318,"Wed Nov 24, 2010",10:00 PM ET,COLORADO,VANCOUVER
020319,"Wed Nov 24, 2010",10:30 PM ET,CHICAGO,SAN JOSE
020320,"Thu Nov 25, 2010",9:00 PM ET,COLORADO,EDMONTON
020321,"Fri Nov 26, 2010",12:00 PM ET,CAROLINA,BOSTON
020322,"Fri Nov 26, 2010",1:00 PM ET,NEW JERSEY,NY ISLANDERS
020323,"Fri Nov 26, 2010",1:00 PM ET,CALGARY,PHILADELPHIA
020324,"Fri Nov 26, 2010",1:00 PM ET,OTTAWA,PITTSBURGH
020325,"Fri Nov 26, 2010",2:00 PM ET,NASHVILLE,MINNESOTA
020326,"Fri Nov 26, 2010",4:00 PM ET,CHICAGO,ANAHEIM
020327,"Fri Nov 26, 2010",5:00 PM ET,TAMPA BAY,WASHINGTON
020328,"Fri Nov 26, 2010",7:00 PM ET,DETROIT,COLUMBUS
020329,"Fri Nov 26, 2010",7:30 PM ET,TORONTO,BUFFALO
020330,"Fri Nov 26, 2010",7:30 PM ET,MONTREAL,ATLANTA
020331,"Fri Nov 26, 2010",7:30 PM ET,NY RANGERS,FLORIDA
020332,"Fri Nov 26, 2010",8:30 PM ET,ST LOUIS,DALLAS
020333,"Fri Nov 26, 2010",10:00 PM ET,SAN JOSE,VANCOUVER
020334,"Sat Nov 27, 2010",1:00 PM ET,PHILADELPHIA,NEW JERSEY
020335,"Sat Nov 27, 2010",1:00 PM ET,CALGARY,PITTSBURGH
020336,"Sat Nov 27, 2010",7:00 PM ET,BUFFALO,MONTREAL
020337,"Sat Nov 27, 2010",7:00 PM ET,TORONTO,OTTAWA
020338,"Sat Nov 27, 2010",7:30 PM ET,FLORIDA,TAMPA BAY
020339,"Sat Nov 27, 2010",8:00 PM ET,DALLAS,ST LOUIS
020340,"Sat Nov 27, 2010",8:00 PM ET,NY RANGERS,NASHVILLE
020341,"Sat Nov 27, 2010",8:00 PM ET,ANAHEIM,PHOENIX
020342,"Sat Nov 27, 2010",9:00 PM ET,MINNESOTA,COLORADO
020343,"Sat Nov 27, 2010",10:00 PM ET,SAN JOSE,EDMONTON
020344,"Sat Nov 27, 2010",10:30 PM ET,CHICAGO,LOS ANGELES
020345,"Sun Nov 28, 2010",5:00 PM ET,CAROLINA,WASHINGTON
020346,"Sun Nov 28, 2010",5:00 PM ET,BOSTON,ATLANTA
020347,"Sun Nov 28, 2010",5:00 PM ET,COLUMBUS,DETROIT
020348,"Mon Nov 29, 2010",7:00 PM ET,PITTSBURGH,NY RANGERS
020349,"Mon Nov 29, 2010",7:30 PM ET,DALLAS,CAROLINA
020350,"Mon Nov 29, 2010",7:30 PM ET,EDMONTON,OTTAWA
020351,"Mon Nov 29, 2010",9:00 PM ET,MINNESOTA,CALGARY
020352,"Mon Nov 29, 2010",10:00 PM ET,LOS ANGELES,ANAHEIM
020353,"Tue Nov 30, 2010",7:00 PM ET,TAMPA BAY,TORONTO
020354,"Tue Nov 30, 2010",8:00 PM ET,PHOENIX,NASHVILLE
020355,"Tue Nov 30, 2010",8:00 PM ET,ST LOUIS,CHICAGO
020356,"Tue Nov 30, 2010",10:00 PM ET,ATLANTA,COLORADO
020357,"Tue Nov 30, 2010",10:30 PM ET,DETROIT,SAN JOSE
020358,"Wed Dec 1, 2010",7:00 PM ET,EDMONTON,MONTREAL
020359,"Wed Dec 1, 2010",7:00 PM ET,BOSTON,PHILADELPHIA
020360,"Wed Dec 1, 2010",7:00 PM ET,NASHVILLE,COLUMBUS
020361,"Wed Dec 1, 2010",8:00 PM ET,WASHINGTON,ST LOUIS
020362,"Wed Dec 1, 2010",8:00 PM ET,PHOENIX,MINNESOTA
020363,"Wed Dec 1, 2010",9:30 PM ET,VANCOUVER,CALGARY
020364,"Wed Dec 1, 2010",10:00 PM ET,FLORIDA,ANAHEIM
020365,"Thu Dec 2, 2010",7:00 PM ET,TAMPA BAY,BOSTON
020366,"Thu Dec 2, 2010",7:00 PM ET,EDMONTON,TORONTO
020367,"Thu Dec 2, 2010",7:00 PM ET,MONTREAL,NEW JERSEY
020368,"Thu Dec 2, 2010",7:00 PM ET,NY RANGERS,NY ISLANDERS
020369,"Thu Dec 2, 2010",7:00 PM ET,ATLANTA,PITTSBURGH
020370,"Thu Dec 2, 2010",7:30 PM ET,SAN JOSE,OTTAWA
020371,"Thu Dec 2, 2010",8:30 PM ET,WASHINGTON,DALLAS
020372,"Thu Dec 2, 2010",10:30 PM ET,FLORIDA,LOS ANGELES
020373,"Fri Dec 3, 2010",7:00 PM ET,NY ISLANDERS,NY RANGERS
020374,"Fri Dec 3, 2010",7:00 PM ET,COLORADO,CAROLINA
020375,"Fri Dec 3, 2010",7:30 PM ET,COLUMBUS,BUFFALO
020376,"Fri Dec 3, 2010",8:00 PM ET,CALGARY,MINNESOTA
020377,"Fri Dec 3, 2010",8:30 PM ET,VANCOUVER,CHICAGO
020378,"Fri Dec 3, 2010",10:00 PM ET,DETROIT,ANAHEIM
020379,"Sat Dec 4, 2010",1:00 PM ET,NEW JERSEY,PHILADELPHIA
020380,"Sat Dec 4, 2010",2:00 PM ET,SAN JOSE,MONTREAL
020381,"Sat Dec 4, 2010",7:00 PM ET,BOSTON,TORONTO
020382,"Sat Dec 4, 2010",7:00 PM ET,BUFFALO,OTTAWA
020383,"Sat Dec 4, 2010",7:00 PM ET,ATLANTA,WASHINGTON
020384,"Sat Dec 4, 2010",7:00 PM ET,PITTSBURGH,COLUMBUS
020385,"Sat Dec 4, 2010",7:30 PM ET,COLORADO,TAMPA BAY
020386,"Sat Dec 4, 2010",8:00 PM ET,CAROLINA,NASHVILLE
020387,"Sat Dec 4, 2010",8:00 PM ET,MINNESOTA,DALLAS
020388,"Sat Dec 4, 2010",8:00 PM ET,FLORIDA,PHOENIX
020389,"Sat Dec 4, 2010",10:00 PM ET,ST LOUIS,EDMONTON
020390,"Sat Dec 4, 2010",10:30 PM ET,DETROIT,LOS ANGELES
020391,"Sun Dec 5, 2010",1:00 PM ET,PHILADELPHIA,NY ISLANDERS
020392,"Sun Dec 5, 2010",5:00 PM ET,OTTAWA,NY RANGERS
020393,"Sun Dec 5, 2010",7:00 PM ET,CALGARY,CHICAGO
020394,"Sun Dec 5, 2010",8:00 PM ET,PHOENIX,ANAHEIM
020395,"Sun Dec 5, 2010",9:00 PM ET,ST LOUIS,VANCOUVER
020396,"Mon Dec 6, 2010",7:00 PM ET,NEW JERSEY,PITTSBURGH
020397,"Mon Dec 6, 2010",7:00 PM ET,TORONTO,WASHINGTON
020398,"Mon Dec 6, 2010",7:00 PM ET,NASHVILLE,ATLANTA
020399,"Mon Dec 6, 2010",7:00 PM ET,DALLAS,COLUMBUS
020400,"Mon Dec 6, 2010",7:30 PM ET,SAN JOSE,DETROIT
020401,"Tue Dec 7, 2010",7:00 PM ET,OTTAWA,MONTREAL
020402,"Tue Dec 7, 2010",7:30 PM ET,BUFFALO,BOSTON
020403,"Tue Dec 7, 2010",7:30 PM ET,COLORADO,FLORIDA
020404,"Tue Dec 7, 2010",9:30 PM ET,TAMPA BAY,CALGARY
020405,"Tue Dec 7, 2010",9:30 PM ET,ANAHEIM,EDMONTON
020406,"Wed Dec 8, 2010",7:00 PM ET,SAN JOSE,PHILADELPHIA
020407,"Wed Dec 8, 2010",7:00 PM ET,TORONTO,PITTSBURGH
020408,"Wed Dec 8, 2010",7:30 PM ET,NASHVILLE,DETROIT
020409,"Wed Dec 8, 2010",8:30 PM ET,DALLAS,CHICAGO
020410,"Wed Dec 8, 2010",10:00 PM ET,ANAHEIM,VANCOUVER
020411,"Thu Dec 9, 2010",7:00 PM ET,NY ISLANDERS,BOSTON
020412,"Thu Dec 9, 2010",7:00 PM ET,SAN JOSE,BUFFALO
020413,"Thu Dec 9, 2010",7:00 PM ET,PHILADELPHIA,TORONTO
020414,"Thu Dec 9, 2010",7:00 PM ET,FLORIDA,WASHINGTON
020415,"Thu Dec 9, 2010",7:30 PM ET,NY RANGERS,OTTAWA
020416,"Thu Dec 9, 2010",8:00 PM ET,COLUMBUS,ST LOUIS
020417,"Thu Dec 9, 2010",9:00 PM ET,MINNESOTA,PHOENIX
020418,"Thu Dec 9, 2010",10:30 PM ET,CALGARY,LOS ANGELES
020419,"Fri Dec 10, 2010",7:00 PM ET,MONTREAL,DETROIT
020420,"Fri Dec 10, 2010",7:30 PM ET,NEW JERSEY,OTTAWA
020421,"Fri Dec 10, 2010",7:30 PM ET,COLORADO,ATLANTA
020422,"Fri Dec 10, 2010",8:30 PM ET,CAROLINA,DALLAS
020423,"Fri Dec 10, 2010",9:00 PM ET,TAMPA BAY,EDMONTON
020424,"Fri Dec 10, 2010",10:00 PM ET,CALGARY,ANAHEIM
020425,"Sat Dec 11, 2010",7:00 PM ET,PHILADELPHIA,BOSTON
020426,"Sat Dec 11, 2010",7:00 PM ET,PITTSBURGH,BUFFALO
020427,"Sat Dec 11, 2010",7:00 PM ET,MONTREAL,TORONTO
020428,"Sat Dec 11, 2010",7:00 PM ET,DETROIT,NEW JERSEY
020429,"Sat Dec 11, 2010",7:00 PM ET,ATLANTA,NY ISLANDERS
020430,"Sat Dec 11, 2010",7:00 PM ET,COLORADO,WASHINGTON
020431,"Sat Dec 11, 2010",7:00 PM ET,NY RANGERS,COLUMBUS
020432,"Sat Dec 11, 2010",8:00 PM ET,CAROLINA,ST LOUIS
020433,"Sat Dec 11, 2010",8:00 PM ET,FLORIDA,NASHVILLE
020434,"Sat Dec 11, 2010",8:00 PM ET,DALLAS,PHOENIX
020435,"Sat Dec 11, 2010",10:00 PM ET,TAMPA BAY,VANCOUVER
020436,"Sat Dec 11, 2010",10:30 PM ET,MINNESOTA,LOS ANGELES
020437,"Sat Dec 11, 2010",10:30 PM ET,CHICAGO,SAN JOSE
020438,"Sun Dec 12, 2010",7:00 PM ET,WASHINGTON,NY RANGERS
020439,"Sun Dec 12, 2010",8:00 PM ET,VANCOUVER,EDMONTON
020440,"Sun Dec 12, 2010",8:00 PM ET,MINNESOTA,ANAHEIM
020441,"Mon Dec 13, 2010",7:30 PM ET,LOS ANGELES,DETROIT
020442,"Mon Dec 13, 2010",7:30 PM ET,ATLANTA,OTTAWA
020443,"Mon Dec 13, 2010",8:00 PM ET,NY ISLANDERS,NASHVILLE
020444,"Mon Dec 13, 2010",9:00 PM ET,CHICAGO,COLORADO
020445,"Mon Dec 13, 2010",9:00 PM ET,COLUMBUS,CALGARY
020446,"Mon Dec 13, 2010",10:30 PM ET,DALLAS,SAN JOSE
020447,"Tue Dec 14, 2010",7:00 PM ET,PITTSBURGH,PHILADELPHIA
020448,"Tue Dec 14, 2010",9:00 PM ET,TORONTO,EDMONTON
020449,"Wed Dec 15, 2010",7:00 PM ET,BOSTON,BUFFALO
020450,"Wed Dec 15, 2010",7:00 PM ET,PHOENIX,NEW JERSEY
020451,"Wed Dec 15, 2010",7:00 PM ET,NY RANGERS,PITTSBURGH
020452,"Wed Dec 15, 2010",7:00 PM ET,ANAHEIM,WASHINGTON
020453,"Wed Dec 15, 2010",7:30 PM ET,ST LOUIS,DETROIT
020454,"Wed Dec 15, 2010",7:30 PM ET,PHILADELPHIA,MONTREAL
020455,"Wed Dec 15, 2010",7:30 PM ET,ATLANTA,TAMPA BAY
020456,"Wed Dec 15, 2010",7:30 PM ET,CAROLINA,FLORIDA
020457,"Wed Dec 15, 2010",8:00 PM ET,SAN JOSE,NASHVILLE
020458,"Wed Dec 15, 2010",8:30 PM ET,COLORADO,CHICAGO
020459,"Wed Dec 15, 2010",10:00 PM ET,COLUMBUS,VANCOUVER
020460,"Thu Dec 16, 2010",7:00 PM ET,ANAHEIM,NY ISLANDERS
020461,"Thu Dec 16, 2010",7:00 PM ET,PHOENIX,NY RANGERS
020462,"Thu Dec 16, 2010",7:00 PM ET,CAROLINA,ATLANTA
020463,"Thu Dec 16, 2010",7:00 PM ET,BOSTON,MONTREAL
020464,"Thu Dec 16, 2010",8:00 PM ET,LOS ANGELES,ST LOUIS
020465,"Thu Dec 16, 2010",8:00 PM ET,OTTAWA,MINNESOTA
020466,"Thu Dec 16, 2010",8:30 PM ET,SAN JOSE,DALLAS
020467,"Thu Dec 16, 2010",9:30 PM ET,TORONTO,CALGARY
020468,"Thu Dec 16, 2010",9:30 PM ET,COLUMBUS,EDMONTON
020469,"Fri Dec 17, 2010",7:00 PM ET,NASHVILLE,NEW JERSEY
020470,"Fri Dec 17, 2010",7:30 PM ET,BUFFALO,FLORIDA
020471,"Fri Dec 17, 2010",8:30 PM ET,DETROIT,CHICAGO
020472,"Fri Dec 17, 2010",9:00 PM ET,OTTAWA,COLORADO
020473,"Sat Dec 18, 2010",1:00 PM ET,NY RANGERS,PHILADELPHIA
020474,"Sat Dec 18, 2010",7:00 PM ET,WASHINGTON,BOSTON
020475,"Sat Dec 18, 2010",7:00 PM ET,PHOENIX,NY ISLANDERS
020476,"Sat Dec 18, 2010",7:00 PM ET,ANAHEIM,CAROLINA
020477,"Sat Dec 18, 2010",7:00 PM ET,NEW JERSEY,ATLANTA
020478,"Sat Dec 18, 2010",7:00 PM ET,DALLAS,COLUMBUS
020479,"Sat Dec 18, 2010",7:00 PM ET,TORONTO,VANCOUVER
020480,"Sat Dec 18, 2010",7:30 PM ET,BUFFALO,TAMPA BAY
020481,"Sat Dec 18, 2010",8:00 PM ET,SAN JOSE,ST LOUIS
020482,"Sat Dec 18, 2010",8:00 PM ET,LOS ANGELES,NASHVILLE
020483,"Sat Dec 18, 2010",10:00 PM ET,MINNESOTA,CALGARY
020484,"Sun Dec 19, 2010",5:00 PM ET,DALLAS,DETROIT
020485,"Sun Dec 19, 2010",7:00 PM ET,LOS ANGELES,CHICAGO
020486,"Sun Dec 19, 2010",7:30 PM ET,WASHINGTON,OTTAWA
020487,"Sun Dec 19, 2010",8:00 PM ET,MONTREAL,COLORADO
020488,"Mon Dec 20, 2010",7:00 PM ET,ATLANTA,TORONTO
020489,"Mon Dec 20, 2010",7:00 PM ET,FLORIDA,PHILADELPHIA
020490,"Mon Dec 20, 2010",7:00 PM ET,PHOENIX,PITTSBURGH
020491,"Mon Dec 20, 2010",7:30 PM ET,ANAHEIM,BOSTON
020492,"Mon Dec 20, 2010",7:30 PM ET,CAROLINA,TAMPA BAY
020493,"Mon Dec 20, 2010",8:00 PM ET,VANCOUVER,ST LOUIS
020494,"Mon Dec 20, 2010",8:00 PM ET,CALGARY,MINNESOTA
020495,"Tue Dec 21, 2010",7:00 PM ET,ANAHEIM,BUFFALO
020496,"Tue Dec 21, 2010",7:00 PM ET,ST LOUIS,ATLANTA
020497,"Tue Dec 21, 2010",7:00 PM ET,CALGARY,COLUMBUS
020498,"Tue Dec 21, 2010",7:30 PM ET,NEW JERSEY,WASHINGTON
020499,"Tue Dec 21, 2010",9:00 PM ET,MONTREAL,DALLAS
020500,"Tue Dec 21, 2010",9:30 PM ET,LOS ANGELES,COLORADO
020501,"Tue Dec 21, 2010",10:30 PM ET,EDMONTON,SAN JOSE
020502,"Wed Dec 22, 2010",7:00 PM ET,TAMPA BAY,NY ISLANDERS
020503,"Wed Dec 22, 2010",7:00 PM ET,FLORIDA,PITTSBURGH
020504,"Wed Dec 22, 2010",7:30 PM ET,VANCOUVER,DETROIT
020505,"Wed Dec 22, 2010",8:30 PM ET,NASHVILLE,CHICAGO
020506,"Thu Dec 23, 2010",7:00 PM ET,ATLANTA,BOSTON
020507,"Thu Dec 23, 2010",7:00 PM ET,FLORIDA,BUFFALO
020508,"Thu Dec 23, 2010",7:00 PM ET,NY ISLANDERS,NEW JERSEY
020509,"Thu Dec 23, 2010",7:00 PM ET,TAMPA BAY,NY RANGERS
020510,"Thu Dec 23, 2010",7:00 PM ET,PITTSBURGH,WASHINGTON
020511,"Thu Dec 23, 2010",7:00 PM ET,MONTREAL,CAROLINA
020512,"Thu Dec 23, 2010",7:00 PM ET,VANCOUVER,COLUMBUS
020513,"Thu Dec 23, 2010",8:00 PM ET,DETROIT,ST LOUIS
020514,"Thu Dec 23, 2010",8:00 PM ET,OTTAWA,NASHVILLE
020515,"Thu Dec 23, 2010",8:30 PM ET,CALGARY,DALLAS
020516,"Thu Dec 23, 2010",9:00 PM ET,MINNESOTA,COLORADO
020517,"Thu Dec 23, 2010",10:30 PM ET,EDMONTON,LOS ANGELES
020518,"Thu Dec 23, 2010",10:30 PM ET,PHOENIX,SAN JOSE
020519,"Sun Dec 26, 2010",7:00 PM ET,TORONTO,NEW JERSEY
020520,"Sun Dec 26, 2010",7:00 PM ET,MONTREAL,NY ISLANDERS
020521,"Sun Dec 26, 2010",7:00 PM ET,WASHINGTON,CAROLINA
020522,"Sun Dec 26, 2010",7:00 PM ET,TAMPA BAY,ATLANTA
020523,"Sun Dec 26, 2010",7:00 PM ET,COLUMBUS,CHICAGO
020524,"Sun Dec 26, 2010",7:00 PM ET,NASHVILLE,ST LOUIS
020525,"Sun Dec 26, 2010",7:00 PM ET,DETROIT,MINNESOTA
020526,"Sun Dec 26, 2010",7:30 PM ET,PITTSBURGH,OTTAWA
020527,"Sun Dec 26, 2010",8:00 PM ET,PHOENIX,DALLAS
020528,"Sun Dec 26, 2010",9:00 PM ET,EDMONTON,VANCOUVER
020529,"Sun Dec 26, 2010",9:00 PM ET,ANAHEIM,LOS ANGELES
020530,"Mon Dec 27, 2010",7:00 PM ET,NY ISLANDERS,NY RANGERS
020531,"Mon Dec 27, 2010",7:30 PM ET,MINNESOTA,COLUMBUS
020532,"Mon Dec 27, 2010",7:30 PM ET,BOSTON,FLORIDA
020533,"Mon Dec 27, 2010",9:00 PM ET,DETROIT,COLORADO
020534,"Mon Dec 27, 2010",9:00 PM ET,BUFFALO,CALGARY
020535,"Mon Dec 27, 2010",10:30 PM ET,LOS ANGELES,SAN JOSE
020536,"Tue Dec 28, 2010",7:00 PM ET,CAROLINA,TORONTO
020537,"Tue Dec 28, 2010",7:00 PM ET,ATLANTA,PITTSBURGH
020538,"Tue Dec 28, 2010",7:00 PM ET,MONTREAL,WASHINGTON
020539,"Tue Dec 28, 2010",7:30 PM ET,BOSTON,TAMPA BAY
020540,"Tue Dec 28, 2010",8:00 PM ET,CHICAGO,ST LOUIS
020541,"Tue Dec 28, 2010",8:00 PM ET,DALLAS,NASHVILLE
020542,"Tue Dec 28, 2010",9:00 PM ET,BUFFALO,EDMONTON
020543,"Tue Dec 28, 2010",9:00 PM ET,ANAHEIM,PHOENIX
020544,"Tue Dec 28, 2010",10:00 PM ET,PHILADELPHIA,VANCOUVER
020545,"Wed Dec 29, 2010",7:00 PM ET,NY RANGERS,NEW JERSEY
020546,"Wed Dec 29, 2010",7:00 PM ET,PITTSBURGH,NY ISLANDERS
020547,"Wed Dec 29, 2010",7:30 PM ET,CAROLINA,OTTAWA
020548,"Wed Dec 29, 2010",8:00 PM ET,SAN JOSE,MINNESOTA
020549,"Wed Dec 29, 2010",8:30 PM ET,DETROIT,DALLAS
020550,"Wed Dec 29, 2010",9:00 PM ET,LOS ANGELES,PHOENIX
020551,"Thu Dec 30, 2010",7:00 PM ET,COLUMBUS,TORONTO
020552,"Thu Dec 30, 2010",7:00 PM ET,BOSTON,ATLANTA
020553,"Thu Dec 30, 2010",7:30 PM ET,MONTREAL,TAMPA BAY
020554,"Thu Dec 30, 2010",8:30 PM ET,SAN JOSE,CHICAGO
020555,"Thu Dec 30, 2010",9:30 PM ET,COLORADO,EDMONTON
020556,"Thu Dec 30, 2010",10:30 PM ET,PHILADELPHIA,LOS ANGELES
020557,"Fri Dec 31, 2010",5:00 PM ET,ATLANTA,NEW JERSEY
020558,"Fri Dec 31, 2010",5:00 PM ET,MONTREAL,FLORIDA
020559,"Fri Dec 31, 2010",6:00 PM ET,NASHVILLE,MINNESOTA
020560,"Fri Dec 31, 2010",7:00 PM ET,NY ISLANDERS,DETROIT
020561,"Fri Dec 31, 2010",7:00 PM ET,OTTAWA,COLUMBUS
020562,"Fri Dec 31, 2010",8:00 PM ET,PHILADELPHIA,ANAHEIM
020563,"Fri Dec 31, 2010",8:00 PM ET,VANCOUVER,DALLAS
020564,"Fri Dec 31, 2010",8:30 PM ET,PHOENIX,ST LOUIS
020565,"Fri Dec 31, 2010",9:00 PM ET,COLORADO,CALGARY
020566,"Sat Jan 1, 2011",1:00 PM ET,WASHINGTON,PITTSBURGH
020567,"Sat Jan 1, 2011",7:00 PM ET,BOSTON,BUFFALO
020568,"Sat Jan 1, 2011",7:00 PM ET,TORONTO,OTTAWA
020569,"Sat Jan 1, 2011",7:00 PM ET,NEW JERSEY,CAROLINA
020570,"Sat Jan 1, 2011",7:30 PM ET,NY RANGERS,TAMPA BAY
020571,"Sat Jan 1, 2011",9:00 PM ET,SAN JOSE,LOS ANGELES
020572,"Sat Jan 1, 2011",10:00 PM ET,CALGARY,EDMONTON
020573,"Sun Jan 2, 2011",1:00 PM ET,ATLANTA,MONTREAL
020574,"Sun Jan 2, 2011",5:00 PM ET,NY RANGERS,FLORIDA
020575,"Sun Jan 2, 2011",5:00 PM ET,PHILADELPHIA,DETROIT
020576,"Sun Jan 2, 2011",6:00 PM ET,DALLAS,ST LOUIS
020577,"Sun Jan 2, 2011",6:00 PM ET,COLUMBUS,NASHVILLE
020578,"Sun Jan 2, 2011",6:00 PM ET,PHOENIX,MINNESOTA
020579,"Sun Jan 2, 2011",8:00 PM ET,VANCOUVER,COLORADO
020580,"Sun Jan 2, 2011",8:00 PM ET,CHICAGO,ANAHEIM
020581,"Mon Jan 3, 2011",7:00 PM ET,BOSTON,TORONTO
020582,"Mon Jan 3, 2011",7:00 PM ET,FLORIDA,CAROLINA
020583,"Mon Jan 3, 2011",9:00 PM ET,NY ISLANDERS,CALGARY
020584,"Mon Jan 3, 2011",9:00 PM ET,CHICAGO,LOS ANGELES
020585,"Mon Jan 3, 2011",10:30 PM ET,VANCOUVER,SAN JOSE
020586,"Tue Jan 4, 2011",7:00 PM ET,MINNESOTA,NEW JERSEY
020587,"Tue Jan 4, 2011",7:00 PM ET,TAMPA BAY,WASHINGTON
020588,"Tue Jan 4, 2011",9:00 PM ET,BUFFALO,COLORADO
020589,"Tue Jan 4, 2011",9:00 PM ET,DETROIT,EDMONTON
020590,"Tue Jan 4, 2011",9:00 PM ET,COLUMBUS,PHOENIX
020591,"Wed Jan 5, 2011",7:00 PM ET,CAROLINA,NY RANGERS
020592,"Wed Jan 5, 2011",7:00 PM ET,TAMPA BAY,PITTSBURGH
020593,"Wed Jan 5, 2011",7:30 PM ET,ATLANTA,FLORIDA
020594,"Wed Jan 5, 2011",8:30 PM ET,DALLAS,CHICAGO
020595,"Wed Jan 5, 2011",10:00 PM ET,CALGARY,VANCOUVER
020596,"Wed Jan 5, 2011",10:00 PM ET,NASHVILLE,ANAHEIM
020597,"Thu Jan 6, 2011",7:00 PM ET,MINNESOTA,BOSTON
020598,"Thu Jan 6, 2011",7:00 PM ET,ST LOUIS,TORONTO
020599,"Thu Jan 6, 2011",7:00 PM ET,PHILADELPHIA,NEW JERSEY
020600,"Thu Jan 6, 2011",7:30 PM ET,PITTSBURGH,MONTREAL
020601,"Thu Jan 6, 2011",9:00 PM ET,PHOENIX,COLORADO
020602,"Thu Jan 6, 2011",9:00 PM ET,NY ISLANDERS,EDMONTON
020603,"Thu Jan 6, 2011",10:30 PM ET,NASHVILLE,LOS ANGELES
020604,"Thu Jan 6, 2011",10:30 PM ET,BUFFALO,SAN JOSE
020605,"Fri Jan 7, 2011",7:30 PM ET,TORONTO,ATLANTA
020606,"Fri Jan 7, 2011",7:30 PM ET,CAROLINA,FLORIDA
020607,"Fri Jan 7, 2011",8:30 PM ET,OTTAWA,CHICAGO
020608,"Fri Jan 7, 2011",8:30 PM ET,NY RANGERS,DALLAS
020609,"Fri Jan 7, 2011",9:00 PM ET,DETROIT,CALGARY
020610,"Fri Jan 7, 2011",10:00 PM ET,EDMONTON,VANCOUVER
020611,"Fri Jan 7, 2011",10:00 PM ET,COLUMBUS,ANAHEIM
020612,"Sat Jan 8, 2011",1:00 PM ET,NEW JERSEY,PHILADELPHIA
020613,"Sat Jan 8, 2011",3:00 PM ET,NY ISLANDERS,COLORADO
020614,"Sat Jan 8, 2011",7:00 PM ET,BOSTON,MONTREAL
020615,"Sat Jan 8, 2011",7:00 PM ET,TAMPA BAY,OTTAWA
020616,"Sat Jan 8, 2011",7:00 PM ET,MINNESOTA,PITTSBURGH
020617,"Sat Jan 8, 2011",7:00 PM ET,FLORIDA,WASHINGTON
020618,"Sat Jan 8, 2011",8:00 PM ET,NY RANGERS,ST LOUIS
020619,"Sat Jan 8, 2011",8:00 PM ET,BUFFALO,PHOENIX
020620,"Sat Jan 8, 2011",8:00 PM ET,NASHVILLE,SAN JOSE
020621,"Sat Jan 8, 2011",10:00 PM ET,DETROIT,VANCOUVER
020622,"Sat Jan 8, 2011",10:30 PM ET,COLUMBUS,LOS ANGELES
020623,"Sun Jan 9, 2011",1:30 PM ET,ATLANTA,CAROLINA
020624,"Sun Jan 9, 2011",5:00 PM ET,TAMPA BAY,NEW JERSEY
020625,"Sun Jan 9, 2011",6:00 PM ET,DALLAS,MINNESOTA
020626,"Sun Jan 9, 2011",7:00 PM ET,NY ISLANDERS,CHICAGO
020627,"Sun Jan 9, 2011",8:00 PM ET,SAN JOSE,ANAHEIM
020628,"Mon Jan 10, 2011",7:30 PM ET,BOSTON,PITTSBURGH
020629,"Mon Jan 10, 2011",9:00 PM ET,PHOENIX,ST LOUIS
020630,"Mon Jan 10, 2011",9:30 PM ET,DETROIT,COLORADO
020631,"Mon Jan 10, 2011",10:30 PM ET,TORONTO,LOS ANGELES
020632,"Tue Jan 11, 2011",7:00 PM ET,OTTAWA,BOSTON
020633,"Tue Jan 11, 2011",7:00 PM ET,VANCOUVER,NY ISLANDERS
020634,"Tue Jan 11, 2011",7:00 PM ET,MONTREAL,NY RANGERS
020635,"Tue Jan 11, 2011",7:00 PM ET,CALGARY,CAROLINA
020636,"Tue Jan 11, 2011",7:00 PM ET,PHOENIX,COLUMBUS
020637,"Tue Jan 11, 2011",7:30 PM ET,PHILADELPHIA,BUFFALO
020638,"Tue Jan 11, 2011",7:30 PM ET,WASHINGTON,FLORIDA
020639,"Tue Jan 11, 2011",8:00 PM ET,MINNESOTA,NASHVILLE
020640,"Tue Jan 11, 2011",8:30 PM ET,EDMONTON,DALLAS
020641,"Tue Jan 11, 2011",10:30 PM ET,TORONTO,SAN JOSE
020642,"Wed Jan 12, 2011",7:30 PM ET,PITTSBURGH,MONTREAL
020643,"Wed Jan 12, 2011",7:30 PM ET,WASHINGTON,TAMPA BAY
020644,"Wed Jan 12, 2011",8:30 PM ET,COLORADO,CHICAGO
020645,"Wed Jan 12, 2011",10:00 PM ET,ST LOUIS,ANAHEIM
020646,"Thu Jan 13, 2011",7:00 PM ET,PHILADELPHIA,BOSTON
020647,"Thu Jan 13, 2011",7:00 PM ET,CAROLINA,BUFFALO
020648,"Thu Jan 13, 2011",7:00 PM ET,OTTAWA,NY ISLANDERS
020649,"Thu Jan 13, 2011",7:00 PM ET,VANCOUVER,NY RANGERS
020650,"Thu Jan 13, 2011",7:30 PM ET,NASHVILLE,FLORIDA
020651,"Thu Jan 13, 2011",9:00 PM ET,TORONTO,PHOENIX
020652,"Thu Jan 13, 2011",10:30 PM ET,ST LOUIS,LOS ANGELES
020653,"Thu Jan 13, 2011",10:30 PM ET,EDMONTON,SAN JOSE
020654,"Fri Jan 14, 2011",7:00 PM ET,VANCOUVER,WASHINGTON
020655,"Fri Jan 14, 2011",7:00 PM ET,DETROIT,COLUMBUS
020656,"Fri Jan 14, 2011",7:30 PM ET,CALGARY,OTTAWA
020657,"Fri Jan 14, 2011",7:30 PM ET,PHILADELPHIA,ATLANTA
020658,"Fri Jan 14, 2011",7:30 PM ET,NEW JERSEY,TAMPA BAY
020659,"Fri Jan 14, 2011",8:00 PM ET,COLORADO,MINNESOTA
020660,"Sat Jan 15, 2011",1:00 PM ET,PITTSBURGH,BOSTON
020661,"Sat Jan 15, 2011",7:00 PM ET,CALGARY,TORONTO
020662,"Sat Jan 15, 2011",7:00 PM ET,NY RANGERS,MONTREAL
020663,"Sat Jan 15, 2011",7:00 PM ET,BUFFALO,NY ISLANDERS
020664,"Sat Jan 15, 2011",7:00 PM ET,TAMPA BAY,CAROLINA
020665,"Sat Jan 15, 2011",7:00 PM ET,NEW JERSEY,FLORIDA
020666,"Sat Jan 15, 2011",7:00 PM ET,COLUMBUS,DETROIT
020667,"Sat Jan 15, 2011",8:00 PM ET,CHICAGO,NASHVILLE
020668,"Sat Jan 15, 2011",8:00 PM ET,ATLANTA,DALLAS
020669,"Sat Jan 15, 2011",8:00 PM ET,ANAHEIM,PHOENIX
020670,"Sat Jan 15, 2011",10:00 PM ET,EDMONTON,LOS ANGELES
020671,"Sat Jan 15, 2011",10:30 PM ET,ST LOUIS,SAN JOSE
020672,"Sun Jan 16, 2011",3:00 PM ET,OTTAWA,WASHINGTON
020673,"Sun Jan 16, 2011",6:00 PM ET,VANCOUVER,MINNESOTA
020674,"Sun Jan 16, 2011",7:00 PM ET,PHILADELPHIA,NY RANGERS
020675,"Sun Jan 16, 2011",7:00 PM ET,NASHVILLE,CHICAGO
020676,"Sun Jan 16, 2011",8:00 PM ET,EDMONTON,ANAHEIM
020677,"Mon Jan 17, 2011",1:00 PM ET,CAROLINA,BOSTON
020678,"Mon Jan 17, 2011",1:00 PM ET,NEW JERSEY,NY ISLANDERS
020679,"Mon Jan 17, 2011",4:00 PM ET,SAN JOSE,PHOENIX
020680,"Mon Jan 17, 2011",7:30 PM ET,CALGARY,MONTREAL
020681,"Mon Jan 17, 2011",7:30 PM ET,ATLANTA,FLORIDA
020682,"Mon Jan 17, 2011",8:30 PM ET,LOS ANGELES,DALLAS
020683,"Tue Jan 18, 2011",7:00 PM ET,WASHINGTON,PHILADELPHIA
020684,"Tue Jan 18, 2011",7:00 PM ET,DETROIT,PITTSBURGH
020685,"Tue Jan 18, 2011",7:00 PM ET,BOSTON,CAROLINA
020686,"Tue Jan 18, 2011",7:30 PM ET,MONTREAL,BUFFALO
020687,"Tue Jan 18, 2011",7:30 PM ET,ANAHEIM,OTTAWA
020688,"Tue Jan 18, 2011",7:30 PM ET,COLUMBUS,TAMPA BAY
020689,"Tue Jan 18, 2011",8:00 PM ET,LOS ANGELES,ST LOUIS
020690,"Tue Jan 18, 2011",9:00 PM ET,VANCOUVER,COLORADO
020691,"Tue Jan 18, 2011",9:00 PM ET,NASHVILLE,PHOENIX
020692,"Tue Jan 18, 2011",9:30 PM ET,MINNESOTA,EDMONTON
020693,"Wed Jan 19, 2011",7:00 PM ET,TORONTO,NY RANGERS
020694,"Wed Jan 19, 2011",7:30 PM ET,COLUMBUS,FLORIDA
020695,"Wed Jan 19, 2011",9:30 PM ET,MINNESOTA,CALGARY
020696,"Thu Jan 20, 2011",7:00 PM ET,BUFFALO,BOSTON
020697,"Thu Jan 20, 2011",7:00 PM ET,ANAHEIM,TORONTO
020698,"Thu Jan 20, 2011",7:00 PM ET,PITTSBURGH,NEW JERSEY
020699,"Thu Jan 20, 2011",7:00 PM ET,WASHINGTON,NY ISLANDERS
020700,"Thu Jan 20, 2011",7:00 PM ET,OTTAWA,PHILADELPHIA
020701,"Thu Jan 20, 2011",7:00 PM ET,NY RANGERS,CAROLINA
020702,"Thu Jan 20, 2011",7:00 PM ET,TAMPA BAY,ATLANTA
020703,"Thu Jan 20, 2011",8:00 PM ET,DETROIT,ST LOUIS
020704,"Thu Jan 20, 2011",9:00 PM ET,NASHVILLE,COLORADO
020705,"Thu Jan 20, 2011",9:00 PM ET,DALLAS,EDMONTON
020706,"Thu Jan 20, 2011",10:00 PM ET,SAN JOSE,VANCOUVER
020707,"Thu Jan 20, 2011",10:30 PM ET,PHOENIX,LOS ANGELES
020708,"Fri Jan 21, 2011",7:30 PM ET,NY ISLANDERS,BUFFALO
020709,"Fri Jan 21, 2011",7:30 PM ET,MONTREAL,OTTAWA
020710,"Fri Jan 21, 2011",7:30 PM ET,TAMPA BAY,FLORIDA
020711,"Fri Jan 21, 2011",9:00 PM ET,DALLAS,CALGARY
020712,"Sat Jan 22, 2011",1:00 PM ET,NEW JERSEY,PHILADELPHIA
020713,"Sat Jan 22, 2011",2:00 PM ET,CHICAGO,DETROIT
020714,"Sat Jan 22, 2011",3:00 PM ET,BOSTON,COLORADO
020715,"Sat Jan 22, 2011",7:00 PM ET,WASHINGTON,TORONTO
020716,"Sat Jan 22, 2011",7:00 PM ET,ANAHEIM,MONTREAL
020717,"Sat Jan 22, 2011",7:00 PM ET,CAROLINA,PITTSBURGH
020718,"Sat Jan 22, 2011",7:00 PM ET,NY RANGERS,ATLANTA
020719,"Sat Jan 22, 2011",8:00 PM ET,COLUMBUS,ST LOUIS
020720,"Sat Jan 22, 2011",8:00 PM ET,LOS ANGELES,PHOENIX
020721,"Sat Jan 22, 2011",10:00 PM ET,CALGARY,VANCOUVER
020722,"Sat Jan 22, 2011",10:30 PM ET,MINNESOTA,SAN JOSE
020723,"Sun Jan 23, 2011",3:00 PM ET,FLORIDA,NEW JERSEY
020724,"Sun Jan 23, 2011",3:00 PM ET,BUFFALO,NY ISLANDERS
020725,"Sun Jan 23, 2011",4:00 PM ET,PHILADELPHIA,CHICAGO
020726,"Sun Jan 23, 2011",5:00 PM ET,ATLANTA,TAMPA BAY
020727,"Sun Jan 23, 2011",8:00 PM ET,NASHVILLE,EDMONTON
020728,"Mon Jan 24, 2011",7:00 PM ET,TORONTO,CAROLINA
020729,"Mon Jan 24, 2011",7:30 PM ET,NY RANGERS,WASHINGTON
020730,"Mon Jan 24, 2011",9:30 PM ET,NASHVILLE,CALGARY
020731,"Mon Jan 24, 2011",9:30 PM ET,ST LOUIS,COLORADO
020732,"Mon Jan 24, 2011",10:00 PM ET,DALLAS,VANCOUVER
020733,"Mon Jan 24, 2011",10:30 PM ET,BOSTON,LOS ANGELES
020734,"Tue Jan 25, 2011",7:00 PM ET,FLORIDA,NY RANGERS
020735,"Tue Jan 25, 2011",7:00 PM ET,NY ISLANDERS,PITTSBURGH
020736,"Tue Jan 25, 2011",7:00 PM ET,ANAHEIM,COLUMBUS
020737,"Tue Jan 25, 2011",7:30 PM ET,MONTREAL,PHILADELPHIA
020738,"Tue Jan 25, 2011",7:30 PM ET,BUFFALO,OTTAWA
020739,"Tue Jan 25, 2011",7:30 PM ET,TORONTO,TAMPA BAY
020740,"Tue Jan 25, 2011",8:30 PM ET,MINNESOTA,CHICAGO
020741,"Tue Jan 25, 2011",9:00 PM ET,EDMONTON,PHOENIX
020742,"Wed Jan 26, 2011",7:00 PM ET,FLORIDA,BOSTON
020743,"Wed Jan 26, 2011",7:00 PM ET,CAROLINA,NY ISLANDERS
020744,"Wed Jan 26, 2011",7:00 PM ET,WASHINGTON,ATLANTA
020745,"Wed Jan 26, 2011",7:30 PM ET,NEW JERSEY,DETROIT
020746,"Wed Jan 26, 2011",7:30 PM ET,EDMONTON,DALLAS
020747,"Wed Jan 26, 2011",9:00 PM ET,PHOENIX,COLORADO
020748,"Wed Jan 26, 2011",10:00 PM ET,ST LOUIS,CALGARY
020749,"Wed Jan 26, 2011",10:00 PM ET,NASHVILLE,VANCOUVER
020750,"Wed Jan 26, 2011",10:30 PM ET,SAN JOSE,LOS ANGELES
020751,"Tue Feb 1, 2011",7:00 PM ET,FLORIDA,TORONTO
020752,"Tue Feb 1, 2011",7:00 PM ET,OTTAWA,NEW JERSEY
020753,"Tue Feb 1, 2011",7:00 PM ET,BOSTON,CAROLINA
020754,"Tue Feb 1, 2011",7:00 PM ET,NY ISLANDERS,ATLANTA
020755,"Tue Feb 1, 2011",7:00 PM ET,CHICAGO,COLUMBUS
020756,"Tue Feb 1, 2011",7:30 PM ET,PITTSBURGH,NY RANGERS
020757,"Tue Feb 1, 2011",7:30 PM ET,MONTREAL,WASHINGTON
020758,"Tue Feb 1, 2011",7:30 PM ET,PHILADELPHIA,TAMPA BAY
020759,"Tue Feb 1, 2011",8:00 PM ET,COLORADO,ST LOUIS
020760,"Tue Feb 1, 2011",8:00 PM ET,CALGARY,NASHVILLE
020761,"Tue Feb 1, 2011",8:00 PM ET,LOS ANGELES,MINNESOTA
020762,"Tue Feb 1, 2011",8:30 PM ET,VANCOUVER,DALLAS
020763,"Tue Feb 1, 2011",10:00 PM ET,PHOENIX,SAN JOSE
020764,"Wed Feb 2, 2011",7:00 PM ET,DETROIT,OTTAWA
020765,"Wed Feb 2, 2011",7:00 PM ET,NY ISLANDERS,PITTSBURGH
020766,"Wed Feb 2, 2011",7:30 PM ET,FLORIDA,MONTREAL
020767,"Wed Feb 2, 2011",9:30 PM ET,VANCOUVER,PHOENIX
020768,"Wed Feb 2, 2011",9:30 PM ET,LOS ANGELES,EDMONTON
020769,"Wed Feb 2, 2011",10:00 PM ET,SAN JOSE,ANAHEIM
020770,"Thu Feb 3, 2011",7:00 PM ET,DALLAS,BOSTON
020771,"Thu Feb 3, 2011",7:00 PM ET,CAROLINA,TORONTO
020772,"Thu Feb 3, 2011",7:00 PM ET,NEW JERSEY,NY RANGERS
020773,"Thu Feb 3, 2011",7:00 PM ET,NASHVILLE,PHILADELPHIA
020774,"Thu Feb 3, 2011",7:00 PM ET,CALGARY,ATLANTA
020775,"Thu Feb 3, 2011",9:00 PM ET,MINNESOTA,COLORADO
020776,"Fri Feb 4, 2011",7:00 PM ET,FLORIDA,NEW JERSEY
020777,"Fri Feb 4, 2011",7:00 PM ET,BUFFALO,PITTSBURGH
020778,"Fri Feb 4, 2011",7:30 PM ET,COLUMBUS,DETROIT
020779,"Fri Feb 4, 2011",7:30 PM ET,WASHINGTON,TAMPA BAY
020780,"Fri Feb 4, 2011",8:00 PM ET,EDMONTON,ST LOUIS
020781,"Fri Feb 4, 2011",10:00 PM ET,CHICAGO,VANCOUVER
020782,"Sat Feb 5, 2011",1:00 PM ET,SAN JOSE,BOSTON
020783,"Sat Feb 5, 2011",2:00 PM ET,NY RANGERS,MONTREAL
020784,"Sat Feb 5, 2011",3:00 PM ET,ANAHEIM,COLORADO
020785,"Sat Feb 5, 2011",7:00 PM ET,TORONTO,BUFFALO
020786,"Sat Feb 5, 2011",7:00 PM ET,OTTAWA,NY ISLANDERS
020787,"Sat Feb 5, 2011",7:00 PM ET,DALLAS,PHILADELPHIA
020788,"Sat Feb 5, 2011",7:00 PM ET,ATLANTA,CAROLINA
020789,"Sat Feb 5, 2011",7:00 PM ET,EDMONTON,COLUMBUS
020790,"Sat Feb 5, 2011",8:00 PM ET,DETROIT,NASHVILLE
020791,"Sat Feb 5, 2011",8:00 PM ET,MINNESOTA,PHOENIX
020792,"Sat Feb 5, 2011",10:00 PM ET,LOS ANGELES,CALGARY
020793,"Sun Feb 6, 2011",12:30 PM ET,PITTSBURGH,WASHINGTON
020794,"Sun Feb 6, 2011",3:00 PM ET,NEW JERSEY,MONTREAL
020795,"Sun Feb 6, 2011",3:00 PM ET,ST LOUIS,TAMPA BAY
020796,"Mon Feb 7, 2011",7:00 PM ET,ATLANTA,TORONTO
020797,"Mon Feb 7, 2011",7:30 PM ET,NY RANGERS,DETROIT
020798,"Mon Feb 7, 2011",8:00 PM ET,EDMONTON,NASHVILLE
020799,"Mon Feb 7, 2011",9:30 PM ET,CHICAGO,CALGARY
020800,"Mon Feb 7, 2011",9:30 PM ET,COLORADO,PHOENIX
020801,"Mon Feb 7, 2011",10:00 PM ET,OTTAWA,VANCOUVER
020802,"Tue Feb 8, 2011",7:00 PM ET,CAROLINA,NEW JERSEY
020803,"Tue Feb 8, 2011",7:00 PM ET,TORONTO,NY ISLANDERS
020804,"Tue Feb 8, 2011",7:00 PM ET,COLUMBUS,PITTSBURGH
020805,"Tue Feb 8, 2011",7:00 PM ET,SAN JOSE,WASHINGTON
020806,"Tue Feb 8, 2011",7:30 PM ET,BUFFALO,TAMPA BAY
020807,"Tue Feb 8, 2011",7:30 PM ET,ST LOUIS,FLORIDA
020808,"Wed Feb 9, 2011",7:00 PM ET,MONTREAL,BOSTON
020809,"Wed Feb 9, 2011",7:00 PM ET,SAN JOSE,COLUMBUS
020810,"Wed Feb 9, 2011",7:30 PM ET,NASHVILLE,DETROIT
020811,"Wed Feb 9, 2011",8:00 PM ET,COLORADO,MINNESOTA
020812,"Wed Feb 9, 2011",8:30 PM ET,PHOENIX,DALLAS
020813,"Wed Feb 9, 2011",9:30 PM ET,OTTAWA,CALGARY
020814,"Wed Feb 9, 2011",9:30 PM ET,CHICAGO,EDMONTON
020815,"Wed Feb 9, 2011",10:00 PM ET,ANAHEIM,VANCOUVER
020816,"Thu Feb 10, 2011",7:00 PM ET,NEW JERSEY,TORONTO
020817,"Thu Feb 10, 2011",7:00 PM ET,CAROLINA,PHILADELPHIA
020818,"Thu Feb 10, 2011",7:00 PM ET,LOS ANGELES,PITTSBURGH
020819,"Thu Feb 10, 2011",7:30 PM ET,NY ISLANDERS,MONTREAL
020820,"Thu Feb 10, 2011",7:30 PM ET,BUFFALO,FLORIDA
020821,"Fri Feb 11, 2011",7:00 PM ET,DETROIT,BOSTON
020822,"Fri Feb 11, 2011",7:00 PM ET,SAN JOSE,NEW JERSEY
020823,"Fri Feb 11, 2011",7:00 PM ET,PITTSBURGH,NY ISLANDERS
020824,"Fri Feb 11, 2011",7:00 PM ET,COLORADO,COLUMBUS
020825,"Fri Feb 11, 2011",7:30 PM ET,NY RANGERS,ATLANTA
020826,"Fri Feb 11, 2011",8:00 PM ET,MINNESOTA,ST LOUIS
020827,"Fri Feb 11, 2011",8:30 PM ET,CHICAGO,DALLAS
020828,"Fri Feb 11, 2011",9:00 PM ET,ANAHEIM,CALGARY
020829,"Sat Feb 12, 2011",12:30 PM ET,LOS ANGELES,WASHINGTON
020830,"Sat Feb 12, 2011",2:00 PM ET,OTTAWA,EDMONTON
020831,"Sat Feb 12, 2011",7:00 PM ET,TORONTO,MONTREAL
020832,"Sat Feb 12, 2011",7:30 PM ET,CAROLINA,TAMPA BAY
020833,"Sat Feb 12, 2011",8:00 PM ET,COLORADO,NASHVILLE
020834,"Sat Feb 12, 2011",8:00 PM ET,CHICAGO,PHOENIX
020835,"Sat Feb 12, 2011",9:00 PM ET,ST LOUIS,MINNESOTA
020836,"Sat Feb 12, 2011",10:00 PM ET,CALGARY,VANCOUVER
020837,"Sun Feb 13, 2011",3:00 PM ET,NY ISLANDERS,BUFFALO
020838,"Sun Feb 13, 2011",3:00 PM ET,PITTSBURGH,NY RANGERS
020839,"Sun Feb 13, 2011",3:00 PM ET,COLUMBUS,DALLAS
020840,"Sun Feb 13, 2011",5:00 PM ET,CAROLINA,ATLANTA
020841,"Sun Feb 13, 2011",5:00 PM ET,SAN JOSE,FLORIDA
020842,"Sun Feb 13, 2011",5:00 PM ET,BOSTON,DETROIT
020843,"Sun Feb 13, 2011",7:00 PM ET,LOS ANGELES,PHILADELPHIA
020844,"Sun Feb 13, 2011",8:00 PM ET,ANAHEIM,EDMONTON
020845,"Mon Feb 14, 2011",8:00 PM ET,VANCOUVER,ST LOUIS
020846,"Mon Feb 14, 2011",9:00 PM ET,WASHINGTON,PHOENIX
020847,"Mon Feb 14, 2011",10:00 PM ET,CALGARY,COLORADO
020848,"Tue Feb 15, 2011",7:00 PM ET,TORONTO,BOSTON
020849,"Tue Feb 15, 2011",7:30 PM ET,BUFFALO,MONTREAL
020850,"Tue Feb 15, 2011",7:30 PM ET,NY ISLANDERS,OTTAWA
020851,"Tue Feb 15, 2011",7:30 PM ET,PHILADELPHIA,TAMPA BAY
020852,"Tue Feb 15, 2011",8:00 PM ET,SAN JOSE,NASHVILLE
020853,"Tue Feb 15, 2011",8:00 PM ET,VANCOUVER,MINNESOTA
020854,"Tue Feb 15, 2011",9:00 PM ET,DALLAS,EDMONTON
020855,"Wed Feb 16, 2011",7:00 PM ET,TORONTO,BUFFALO
020856,"Wed Feb 16, 2011",7:00 PM ET,CAROLINA,NEW JERSEY
020857,"Wed Feb 16, 2011",7:00 PM ET,LOS ANGELES,COLUMBUS
020858,"Wed Feb 16, 2011",7:30 PM ET,PHILADELPHIA,FLORIDA
020859,"Wed Feb 16, 2011",8:00 PM ET,MINNESOTA,CHICAGO
020860,"Wed Feb 16, 2011",9:00 PM ET,PITTSBURGH,COLORADO
020861,"Wed Feb 16, 2011",9:30 PM ET,DALLAS,CALGARY
020862,"Wed Feb 16, 2011",10:00 PM ET,WASHINGTON,ANAHEIM
020863,"Thu Feb 17, 2011",7:00 PM ET,BOSTON,NY ISLANDERS
020864,"Thu Feb 17, 2011",7:00 PM ET,LOS ANGELES,NY RANGERS
020865,"Thu Feb 17, 2011",7:30 PM ET,DETROIT,TAMPA BAY
020866,"Thu Feb 17, 2011",8:00 PM ET,VANCOUVER,NASHVILLE
020867,"Thu Feb 17, 2011",9:00 PM ET,MONTREAL,EDMONTON
020868,"Thu Feb 17, 2011",9:00 PM ET,ATLANTA,PHOENIX
020869,"Thu Feb 17, 2011",10:30 PM ET,WASHINGTON,SAN JOSE
020870,"Fri Feb 18, 2011",7:00 PM ET,NY RANGERS,NEW JERSEY
020871,"Fri Feb 18, 2011",7:30 PM ET,ST LOUIS,BUFFALO
020872,"Fri Feb 18, 2011",7:30 PM ET,BOSTON,OTTAWA
020873,"Fri Feb 18, 2011",7:30 PM ET,DETROIT,FLORIDA
020874,"Fri Feb 18, 2011",8:00 PM ET,PHILADELPHIA,CAROLINA
020875,"Fri Feb 18, 2011",8:00 PM ET,ANAHEIM,MINNESOTA
020876,"Fri Feb 18, 2011",8:30 PM ET,COLUMBUS,CHICAGO
020877,"Sat Feb 19, 2011",3:30 PM ET,ATLANTA,EDMONTON
020878,"Sat Feb 19, 2011",7:00 PM ET,OTTAWA,TORONTO
020879,"Sat Feb 19, 2011",7:00 PM ET,LOS ANGELES,NY ISLANDERS
020880,"Sat Feb 19, 2011",7:00 PM ET,NEW JERSEY,CAROLINA
020881,"Sat Feb 19, 2011",7:30 PM ET,FLORIDA,TAMPA BAY
020882,"Sat Feb 19, 2011",8:00 PM ET,ANAHEIM,ST LOUIS
020883,"Sat Feb 19, 2011",8:00 PM ET,PHOENIX,NASHVILLE
020884,"Sat Feb 19, 2011",10:00 PM ET,DALLAS,VANCOUVER
020885,"Sat Feb 19, 2011",10:30 PM ET,COLORADO,SAN JOSE
020886,"Sun Feb 20, 2011",3:00 PM ET,WASHINGTON,BUFFALO
020887,"Sun Feb 20, 2011",3:00 PM ET,PHILADELPHIA,NY RANGERS
020888,"Sun Feb 20, 2011",4:00 PM ET,PITTSBURGH,CHICAGO
020889,"Sun Feb 20, 2011",6:00 PM ET,DETROIT,MINNESOTA
020890,"Sun Feb 20, 2011",6:00 PM ET,MONTREAL,CALGARY
020891,"Mon Feb 21, 2011",1:00 PM ET,FLORIDA,NY ISLANDERS
020892,"Mon Feb 21, 2011",2:00 PM ET,CHICAGO,ST LOUIS
020893,"Mon Feb 21, 2011",7:30 PM ET,WASHINGTON,PITTSBURGH
020894,"Tue Feb 22, 2011",7:00 PM ET,NY ISLANDERS,TORONTO
020895,"Tue Feb 22, 2011",7:00 PM ET,PHOENIX,PHILADELPHIA
020896,"Tue Feb 22, 2011",7:00 PM ET,NY RANGERS,CAROLINA
020897,"Tue Feb 22, 2011",7:00 PM ET,NASHVILLE,COLUMBUS
020898,"Tue Feb 22, 2011",7:30 PM ET,SAN JOSE,DETROIT
020899,"Tue Feb 22, 2011",8:00 PM ET,EDMONTON,MINNESOTA
020900,"Tue Feb 22, 2011",8:30 PM ET,NEW JERSEY,DALLAS
020901,"Tue Feb 22, 2011",9:00 PM ET,BOSTON,CALGARY
020902,"Tue Feb 22, 2011",10:00 PM ET,MONTREAL,VANCOUVER
020903,"Wed Feb 23, 2011",7:00 PM ET,ATLANTA,BUFFALO
020904,"Wed Feb 23, 2011",7:00 PM ET,FLORIDA,OTTAWA
020905,"Wed Feb 23, 2011",7:30 PM ET,SAN JOSE,PITTSBURGH
020906,"Wed Feb 23, 2011",7:30 PM ET,PHOENIX,TAMPA BAY
020907,"Wed Feb 23, 2011",9:30 PM ET,EDMONTON,COLORADO
020908,"Wed Feb 23, 2011",10:00 PM ET,LOS ANGELES,ANAHEIM
020909,"Thu Feb 24, 2011",7:00 PM ET,NY ISLANDERS,PHILADELPHIA
020910,"Thu Feb 24, 2011",7:30 PM ET,DALLAS,DETROIT
020911,"Thu Feb 24, 2011",7:30 PM ET,TORONTO,MONTREAL
020912,"Thu Feb 24, 2011",8:00 PM ET,CHICAGO,NASHVILLE
020913,"Thu Feb 24, 2011",10:00 PM ET,ST LOUIS,VANCOUVER
020914,"Thu Feb 24, 2011",10:30 PM ET,MINNESOTA,LOS ANGELES
020915,"Fri Feb 25, 2011",7:00 PM ET,NY RANGERS,WASHINGTON
020916,"Fri Feb 25, 2011",7:00 PM ET,PITTSBURGH,CAROLINA
020917,"Fri Feb 25, 2011",7:00 PM ET,PHOENIX,COLUMBUS
020918,"Fri Feb 25, 2011",7:30 PM ET,OTTAWA,BUFFALO
020919,"Fri Feb 25, 2011",7:30 PM ET,FLORIDA,ATLANTA
020920,"Fri Feb 25, 2011",7:30 PM ET,NEW JERSEY,TAMPA BAY
020921,"Fri Feb 25, 2011",9:00 PM ET,SAN JOSE,CALGARY
020922,"Fri Feb 25, 2011",9:00 PM ET,ST LOUIS,EDMONTON
020923,"Fri Feb 25, 2011",10:00 PM ET,MINNESOTA,ANAHEIM
020924,"Sat Feb 26, 2011",2:00 PM ET,NASHVILLE,DALLAS
020925,"Sat Feb 26, 2011",4:00 PM ET,COLORADO,LOS ANGELES
020926,"Sat Feb 26, 2011",7:00 PM ET,DETROIT,BUFFALO
020927,"Sat Feb 26, 2011",7:00 PM ET,PITTSBURGH,TORONTO
020928,"Sat Feb 26, 2011",7:00 PM ET,CAROLINA,MONTREAL
020929,"Sat Feb 26, 2011",7:00 PM ET,PHILADELPHIA,OTTAWA
020930,"Sat Feb 26, 2011",7:00 PM ET,WASHINGTON,NY ISLANDERS
020931,"Sat Feb 26, 2011",10:00 PM ET,BOSTON,VANCOUVER
020932,"Sun Feb 27, 2011",1:00 PM ET,TAMPA BAY,NY RANGERS
020933,"Sun Feb 27, 2011",3:00 PM ET,COLUMBUS,NASHVILLE
020934,"Sun Feb 27, 2011",5:00 PM ET,TORONTO,ATLANTA
020935,"Sun Feb 27, 2011",5:00 PM ET,NEW JERSEY,FLORIDA
020936,"Sun Feb 27, 2011",7:00 PM ET,PHOENIX,CHICAGO
020937,"Sun Feb 27, 2011",8:00 PM ET,ST LOUIS,CALGARY
020938,"Sun Feb 27, 2011",8:00 PM ET,BOSTON,EDMONTON
020939,"Sun Feb 27, 2011",8:00 PM ET,COLORADO,ANAHEIM
020940,"Mon Feb 28, 2011",8:00 PM ET,CHICAGO,MINNESOTA
020941,"Mon Feb 28, 2011",10:30 PM ET,DETROIT,LOS ANGELES
020942,"Tue Mar 1, 2011",7:00 PM ET,BUFFALO,NY RANGERS
020943,"Tue Mar 1, 2011",7:00 PM ET,NY ISLANDERS,WASHINGTON
020944,"Tue Mar 1, 2011",7:00 PM ET,FLORIDA,CAROLINA
020945,"Tue Mar 1, 2011",7:00 PM ET,MONTREAL,ATLANTA
020946,"Tue Mar 1, 2011",7:30 PM ET,BOSTON,OTTAWA
020947,"Tue Mar 1, 2011",8:00 PM ET,CALGARY,ST LOUIS
020948,"Tue Mar 1, 2011",9:00 PM ET,DALLAS,PHOENIX
020949,"Tue Mar 1, 2011",9:30 PM ET,NASHVILLE,EDMONTON
020950,"Tue Mar 1, 2011",10:00 PM ET,COLUMBUS,VANCOUVER
020951,"Tue Mar 1, 2011",10:30 PM ET,COLORADO,SAN JOSE
020952,"Wed Mar 2, 2011",7:00 PM ET,PITTSBURGH,TORONTO
020953,"Wed Mar 2, 2011",7:00 PM ET,TAMPA BAY,NEW JERSEY
020954,"Wed Mar 2, 2011",7:00 PM ET,MINNESOTA,NY ISLANDERS
020955,"Wed Mar 2, 2011",9:00 PM ET,CALGARY,CHICAGO
020956,"Wed Mar 2, 2011",10:00 PM ET,DETROIT,ANAHEIM
020957,"Thu Mar 3, 2011",7:00 PM ET,TAMPA BAY,BOSTON
020958,"Thu Mar 3, 2011",7:00 PM ET,MINNESOTA,NY RANGERS
020959,"Thu Mar 3, 2011",7:00 PM ET,TORONTO,PHILADELPHIA
020960,"Thu Mar 3, 2011",7:00 PM ET,ST LOUIS,WASHINGTON
020961,"Thu Mar 3, 2011",7:00 PM ET,BUFFALO,CAROLINA
020962,"Thu Mar 3, 2011",7:00 PM ET,OTTAWA,ATLANTA
020963,"Thu Mar 3, 2011",7:30 PM ET,MONTREAL,FLORIDA
020964,"Thu Mar 3, 2011",9:00 PM ET,COLUMBUS,EDMONTON
020965,"Thu Mar 3, 2011",10:00 PM ET,NASHVILLE,VANCOUVER
020966,"Thu Mar 3, 2011",10:30 PM ET,PHOENIX,LOS ANGELES
020967,"Thu Mar 3, 2011",10:30 PM ET,DETROIT,SAN JOSE
020968,"Fri Mar 4, 2011",7:00 PM ET,PITTSBURGH,NEW JERSEY
020969,"Fri Mar 4, 2011",7:30 PM ET,NY RANGERS,OTTAWA
020970,"Fri Mar 4, 2011",8:30 PM ET,CAROLINA,CHICAGO
020971,"Fri Mar 4, 2011",9:00 PM ET,COLUMBUS,CALGARY
020972,"Fri Mar 4, 2011",10:00 PM ET,DALLAS,ANAHEIM
020973,"Sat Mar 5, 2011",1:00 PM ET,ST LOUIS,NY ISLANDERS
020974,"Sat Mar 5, 2011",1:00 PM ET,BUFFALO,PHILADELPHIA
020975,"Sat Mar 5, 2011",4:00 PM ET,VANCOUVER,LOS ANGELES
020976,"Sat Mar 5, 2011",7:00 PM ET,PITTSBURGH,BOSTON
020977,"Sat Mar 5, 2011",7:00 PM ET,CHICAGO,TORONTO
020978,"Sat Mar 5, 2011",7:00 PM ET,FLORIDA,ATLANTA
020979,"Sat Mar 5, 2011",7:00 PM ET,MONTREAL,TAMPA BAY
020980,"Sat Mar 5, 2011",8:00 PM ET,DETROIT,PHOENIX
020981,"Sat Mar 5, 2011",10:00 PM ET,EDMONTON,COLORADO
020982,"Sat Mar 5, 2011",10:30 PM ET,DALLAS,SAN JOSE
020983,"Sun Mar 6, 2011",3:00 PM ET,NEW JERSEY,NY ISLANDERS
020984,"Sun Mar 6, 2011",3:00 PM ET,PHILADELPHIA,NY RANGERS
020985,"Sun Mar 6, 2011",5:00 PM ET,WASHINGTON,FLORIDA
020986,"Sun Mar 6, 2011",6:00 PM ET,BUFFALO,MINNESOTA
020987,"Sun Mar 6, 2011",8:00 PM ET,NASHVILLE,CALGARY
020988,"Sun Mar 6, 2011",8:00 PM ET,VANCOUVER,ANAHEIM
020989,"Mon Mar 7, 2011",7:00 PM ET,WASHINGTON,TAMPA BAY
020990,"Mon Mar 7, 2011",9:00 PM ET,COLUMBUS,ST LOUIS
020991,"Mon Mar 7, 2011",10:30 PM ET,DALLAS,LOS ANGELES
020992,"Tue Mar 8, 2011",7:00 PM ET,OTTAWA,NEW JERSEY
020993,"Tue Mar 8, 2011",7:00 PM ET,TORONTO,NY ISLANDERS
020994,"Tue Mar 8, 2011",7:00 PM ET,EDMONTON,PHILADELPHIA
020995,"Tue Mar 8, 2011",7:00 PM ET,BUFFALO,PITTSBURGH
020996,"Tue Mar 8, 2011",7:30 PM ET,BOSTON,MONTREAL
020997,"Tue Mar 8, 2011",7:30 PM ET,CHICAGO,FLORIDA
020998,"Tue Mar 8, 2011",8:00 PM ET,COLORADO,MINNESOTA
020999,"Tue Mar 8, 2011",9:00 PM ET,VANCOUVER,PHOENIX
021000,"Tue Mar 8, 2011",10:30 PM ET,NASHVILLE,SAN JOSE
021001,"Wed Mar 9, 2011",7:00 PM ET,EDMONTON,WASHINGTON
021002,"Wed Mar 9, 2011",7:00 PM ET,ATLANTA,CAROLINA
021003,"Wed Mar 9, 2011",7:00 PM ET,ST LOUIS,COLUMBUS
021004,"Wed Mar 9, 2011",7:30 PM ET,LOS ANGELES,DETROIT
021005,"Wed Mar 9, 2011",7:30 PM ET,CHICAGO,TAMPA BAY
021006,"Wed Mar 9, 2011",9:00 PM ET,CALGARY,DALLAS
021007,"Wed Mar 9, 2011",10:30 PM ET,NY RANGERS,ANAHEIM
021008,"Thu Mar 10, 2011",7:00 PM ET,BUFFALO,BOSTON
021009,"Thu Mar 10, 2011",7:00 PM ET,PHILADELPHIA,TORONTO
021010,"Thu Mar 10, 2011",7:30 PM ET,OTTAWA,FLORIDA
021011,"Thu Mar 10, 2011",8:00 PM ET,MONTREAL,ST LOUIS
021012,"Thu Mar 10, 2011",8:00 PM ET,MINNESOTA,NASHVILLE
021013,"Thu Mar 10, 2011",9:00 PM ET,CALGARY,PHOENIX
021014,"Thu Mar 10, 2011",10:30 PM ET,VANCOUVER,SAN JOSE
021015,"Fri Mar 11, 2011",7:00 PM ET,BOSTON,NY ISLANDERS
021016,"Fri Mar 11, 2011",7:00 PM ET,CAROLINA,WASHINGTON
021017,"Fri Mar 11, 2011",7:00 PM ET,LOS ANGELES,COLUMBUS
021018,"Fri Mar 11, 2011",7:30 PM ET,EDMONTON,DETROIT
021019,"Fri Mar 11, 2011",7:30 PM ET,NEW JERSEY,ATLANTA
021020,"Fri Mar 11, 2011",7:30 PM ET,OTTAWA,TAMPA BAY
021021,"Fri Mar 11, 2011",8:30 PM ET,MINNESOTA,DALLAS
021022,"Fri Mar 11, 2011",9:00 PM ET,ANAHEIM,COLORADO
021023,"Sat Mar 12, 2011",2:00 PM ET,MONTREAL,PITTSBURGH
021024,"Sat Mar 12, 2011",7:00 PM ET,BUFFALO,TORONTO
021025,"Sat Mar 12, 2011",7:00 PM ET,NY ISLANDERS,NEW JERSEY
021026,"Sat Mar 12, 2011",7:00 PM ET,ATLANTA,PHILADELPHIA
021027,"Sat Mar 12, 2011",7:00 PM ET,COLUMBUS,CAROLINA
021028,"Sat Mar 12, 2011",7:00 PM ET,TAMPA BAY,FLORIDA
021029,"Sat Mar 12, 2011",8:00 PM ET,DETROIT,ST LOUIS
021030,"Sat Mar 12, 2011",8:00 PM ET,COLORADO,NASHVILLE
021031,"Sat Mar 12, 2011",10:00 PM ET,VANCOUVER,CALGARY
021032,"Sat Mar 12, 2011",10:30 PM ET,NY RANGERS,SAN JOSE
021033,"Sun Mar 13, 2011",1:00 PM ET,EDMONTON,PITTSBURGH
021034,"Sun Mar 13, 2011",3:00 PM ET,CHICAGO,WASHINGTON
021035,"Sun Mar 13, 2011",3:00 PM ET,LOS ANGELES,DALLAS
021036,"Sun Mar 13, 2011",5:00 PM ET,OTTAWA,BUFFALO
021037,"Sun Mar 13, 2011",8:00 PM ET,PHOENIX,ANAHEIM
021038,"Mon Mar 14, 2011",7:00 PM ET,TAMPA BAY,TORONTO
021039,"Mon Mar 14, 2011",8:00 PM ET,SAN JOSE,CHICAGO
021040,"Mon Mar 14, 2011",10:00 PM ET,MINNESOTA,VANCOUVER
021041,"Tue Mar 15, 2011",7:00 PM ET,ATLANTA,NEW JERSEY
021042,"Tue Mar 15, 2011",7:00 PM ET,NY ISLANDERS,NY RANGERS
021043,"Tue Mar 15, 2011",7:00 PM ET,BOSTON,COLUMBUS
021044,"Tue Mar 15, 2011",7:00 PM ET,WASHINGTON,MONTREAL
021045,"Tue Mar 15, 2011",7:30 PM ET,CAROLINA,BUFFALO
021046,"Tue Mar 15, 2011",7:30 PM ET,PITTSBURGH,OTTAWA
021047,"Tue Mar 15, 2011",7:30 PM ET,PHILADELPHIA,FLORIDA
021048,"Tue Mar 15, 2011",8:00 PM ET,LOS ANGELES,NASHVILLE
021049,"Tue Mar 15, 2011",8:30 PM ET,SAN JOSE,DALLAS
021050,"Tue Mar 15, 2011",9:30 PM ET,PHOENIX,CALGARY
021051,"Wed Mar 16, 2011",7:00 PM ET,TORONTO,CAROLINA
021052,"Wed Mar 16, 2011",7:30 PM ET,WASHINGTON,DETROIT
021053,"Wed Mar 16, 2011",10:00 PM ET,COLORADO,VANCOUVER
021054,"Wed Mar 16, 2011",10:00 PM ET,ST LOUIS,ANAHEIM
021055,"Thu Mar 17, 2011",7:00 PM ET,PHILADELPHIA,ATLANTA
021056,"Thu Mar 17, 2011",7:00 PM ET,DETROIT,COLUMBUS
021057,"Thu Mar 17, 2011",7:30 PM ET,TAMPA BAY,MONTREAL
021058,"Thu Mar 17, 2011",7:30 PM ET,NEW JERSEY,OTTAWA
021059,"Thu Mar 17, 2011",7:30 PM ET,TORONTO,FLORIDA
021060,"Thu Mar 17, 2011",8:00 PM ET,BOSTON,NASHVILLE
021061,"Thu Mar 17, 2011",8:30 PM ET,CHICAGO,DALLAS
021062,"Thu Mar 17, 2011",9:00 PM ET,COLORADO,CALGARY
021063,"Thu Mar 17, 2011",9:00 PM ET,PHOENIX,EDMONTON
021064,"Thu Mar 17, 2011",10:30 PM ET,ST LOUIS,LOS ANGELES
021065,"Thu Mar 17, 2011",10:30 PM ET,MINNESOTA,SAN JOSE
021066,"Fri Mar 18, 2011",7:00 PM ET,WASHINGTON,NEW JERSEY
021067,"Fri Mar 18, 2011",7:00 PM ET,MONTREAL,NY RANGERS
021068,"Fri Mar 18, 2011",7:00 PM ET,NY ISLANDERS,CAROLINA
021069,"Fri Mar 18, 2011",10:00 PM ET,PHOENIX,VANCOUVER
021070,"Sat Mar 19, 2011",2:00 PM ET,COLUMBUS,MINNESOTA
021071,"Sat Mar 19, 2011",7:00 PM ET,ATLANTA,BUFFALO
021072,"Sat Mar 19, 2011",7:00 PM ET,BOSTON,TORONTO
021073,"Sat Mar 19, 2011",7:00 PM ET,TAMPA BAY,OTTAWA
021074,"Sat Mar 19, 2011",7:00 PM ET,NY ISLANDERS,FLORIDA
021075,"Sat Mar 19, 2011",8:00 PM ET,DETROIT,NASHVILLE
021076,"Sat Mar 19, 2011",8:00 PM ET,PHILADELPHIA,DALLAS
021077,"Sat Mar 19, 2011",10:00 PM ET,COLORADO,EDMONTON
021078,"Sat Mar 19, 2011",10:30 PM ET,ANAHEIM,LOS ANGELES
021079,"Sat Mar 19, 2011",10:30 PM ET,ST LOUIS,SAN JOSE
021080,"Sun Mar 20, 2011",12:30 PM ET,NY RANGERS,PITTSBURGH
021081,"Sun Mar 20, 2011",5:00 PM ET,NASHVILLE,BUFFALO
021082,"Sun Mar 20, 2011",5:00 PM ET,NEW JERSEY,COLUMBUS
021083,"Sun Mar 20, 2011",7:00 PM ET,MONTREAL,MINNESOTA
021084,"Sun Mar 20, 2011",8:00 PM ET,CHICAGO,PHOENIX
021085,"Sun Mar 20, 2011",8:00 PM ET,CALGARY,ANAHEIM
021086,"Mon Mar 21, 2011",7:30 PM ET,PITTSBURGH,DETROIT
021087,"Mon Mar 21, 2011",10:30 PM ET,CALGARY,LOS ANGELES
021088,"Tue Mar 22, 2011",7:00 PM ET,NEW JERSEY,BOSTON
021089,"Tue Mar 22, 2011",7:00 PM ET,FLORIDA,NY RANGERS
021090,"Tue Mar 22, 2011",7:00 PM ET,OTTAWA,CAROLINA
021091,"Tue Mar 22, 2011",7:30 PM ET,WASHINGTON,PHILADELPHIA
021092,"Tue Mar 22, 2011",7:30 PM ET,BUFFALO,MONTREAL
021093,"Tue Mar 22, 2011",7:30 PM ET,NY ISLANDERS,TAMPA BAY
021094,"Tue Mar 22, 2011",8:00 PM ET,EDMONTON,NASHVILLE
021095,"Tue Mar 22, 2011",8:00 PM ET,TORONTO,MINNESOTA
021096,"Tue Mar 22, 2011",9:00 PM ET,COLUMBUS,COLORADO
021097,"Tue Mar 22, 2011",10:00 PM ET,ST LOUIS,PHOENIX
021098,"Wed Mar 23, 2011",7:30 PM ET,VANCOUVER,DETROIT
021099,"Wed Mar 23, 2011",8:30 PM ET,FLORIDA,CHICAGO
021100,"Wed Mar 23, 2011",8:30 PM ET,ANAHEIM,DALLAS
021101,"Wed Mar 23, 2011",10:00 PM ET,CALGARY,SAN JOSE
021102,"Thu Mar 24, 2011",7:00 PM ET,MONTREAL,BOSTON
021103,"Thu Mar 24, 2011",7:00 PM ET,ATLANTA,NY ISLANDERS
021104,"Thu Mar 24, 2011",7:00 PM ET,OTTAWA,NY RANGERS
021105,"Thu Mar 24, 2011",7:00 PM ET,PITTSBURGH,PHILADELPHIA
021106,"Thu Mar 24, 2011",8:00 PM ET,EDMONTON,ST LOUIS
021107,"Thu Mar 24, 2011",8:00 PM ET,ANAHEIM,NASHVILLE
021108,"Thu Mar 24, 2011",9:00 PM ET,TORONTO,COLORADO
021109,"Thu Mar 24, 2011",10:00 PM ET,COLUMBUS,PHOENIX
021110,"Thu Mar 24, 2011",10:30 PM ET,SAN JOSE,LOS ANGELES
021111,"Fri Mar 25, 2011",7:00 PM ET,NEW JERSEY,PITTSBURGH
021112,"Fri Mar 25, 2011",7:30 PM ET,FLORIDA,BUFFALO
021113,"Fri Mar 25, 2011",7:30 PM ET,WASHINGTON,OTTAWA
021114,"Fri Mar 25, 2011",7:30 PM ET,VANCOUVER,ATLANTA
021115,"Fri Mar 25, 2011",7:30 PM ET,CAROLINA,TAMPA BAY
021116,"Sat Mar 26, 2011",1:00 PM ET,NY RANGERS,BOSTON
021117,"Sat Mar 26, 2011",4:00 PM ET,COLORADO,LOS ANGELES
021118,"Sat Mar 26, 2011",7:00 PM ET,NEW JERSEY,BUFFALO
021119,"Sat Mar 26, 2011",7:00 PM ET,WASHINGTON,MONTREAL
021120,"Sat Mar 26, 2011",7:00 PM ET,PHILADELPHIA,NY ISLANDERS
021121,"Sat Mar 26, 2011",7:00 PM ET,TAMPA BAY,CAROLINA
021122,"Sat Mar 26, 2011",7:00 PM ET,TORONTO,DETROIT
021123,"Sat Mar 26, 2011",8:00 PM ET,DALLAS,NASHVILLE
021124,"Sat Mar 26, 2011",8:00 PM ET,ST LOUIS,MINNESOTA
021125,"Sat Mar 26, 2011",8:30 PM ET,ANAHEIM,CHICAGO
021126,"Sat Mar 26, 2011",9:00 PM ET,SAN JOSE,PHOENIX
021127,"Sat Mar 26, 2011",10:00 PM ET,CALGARY,EDMONTON
021128,"Sun Mar 27, 2011",1:00 PM ET,FLORIDA,PITTSBURGH
021129,"Sun Mar 27, 2011",2:00 PM ET,OTTAWA,ATLANTA
021130,"Sun Mar 27, 2011",5:00 PM ET,VANCOUVER,COLUMBUS
021131,"Sun Mar 27, 2011",7:00 PM ET,BOSTON,PHILADELPHIA
021132,"Mon Mar 28, 2011",7:30 PM ET,CHICAGO,DETROIT
021133,"Mon Mar 28, 2011",10:00 PM ET,COLORADO,ANAHEIM
021134,"Tue Mar 29, 2011",7:00 PM ET,BUFFALO,TORONTO
021135,"Tue Mar 29, 2011",7:00 PM ET,PHILADELPHIA,PITTSBURGH
021136,"Tue Mar 29, 2011",7:00 PM ET,CAROLINA,WASHINGTON
021137,"Tue Mar 29, 2011",7:00 PM ET,FLORIDA,COLUMBUS
021138,"Tue Mar 29, 2011",7:30 PM ET,CHICAGO,BOSTON
021139,"Tue Mar 29, 2011",7:30 PM ET,ATLANTA,MONTREAL
021140,"Tue Mar 29, 2011",7:30 PM ET,OTTAWA,TAMPA BAY
021141,"Tue Mar 29, 2011",8:00 PM ET,MINNESOTA,ST LOUIS
021142,"Tue Mar 29, 2011",8:00 PM ET,VANCOUVER,NASHVILLE
021143,"Tue Mar 29, 2011",9:30 PM ET,LOS ANGELES,EDMONTON
021144,"Tue Mar 29, 2011",10:00 PM ET,DALLAS,PHOENIX
021145,"Wed Mar 30, 2011",7:00 PM ET,NY RANGERS,BUFFALO
021146,"Wed Mar 30, 2011",7:00 PM ET,NY ISLANDERS,NEW JERSEY
021147,"Wed Mar 30, 2011",7:00 PM ET,MONTREAL,CAROLINA
021148,"Wed Mar 30, 2011",7:30 PM ET,ST LOUIS,DETROIT
021149,"Wed Mar 30, 2011",9:30 PM ET,ANAHEIM,CALGARY
021150,"Thu Mar 31, 2011",7:00 PM ET,TORONTO,BOSTON
021151,"Thu Mar 31, 2011",7:00 PM ET,NY RANGERS,NY ISLANDERS
021152,"Thu Mar 31, 2011",7:00 PM ET,ATLANTA,PHILADELPHIA
021153,"Thu Mar 31, 2011",7:00 PM ET,COLUMBUS,WASHINGTON
021154,"Thu Mar 31, 2011",7:30 PM ET,PITTSBURGH,TAMPA BAY
021155,"Thu Mar 31, 2011",7:30 PM ET,OTTAWA,FLORIDA
021156,"Thu Mar 31, 2011",8:00 PM ET,EDMONTON,MINNESOTA
021157,"Thu Mar 31, 2011",9:00 PM ET,NASHVILLE,COLORADO
021158,"Thu Mar 31, 2011",10:00 PM ET,LOS ANGELES,VANCOUVER
021159,"Thu Mar 31, 2011",10:30 PM ET,DALLAS,SAN JOSE
021160,"Fri Apr 1, 2011",7:00 PM ET,PHILADELPHIA,NEW JERSEY
021161,"Fri Apr 1, 2011",7:00 PM ET,CHICAGO,COLUMBUS
021162,"Fri Apr 1, 2011",8:00 PM ET,CALGARY,ST LOUIS
021163,"Fri Apr 1, 2011",10:00 PM ET,COLORADO,PHOENIX
021164,"Sat Apr 2, 2011",1:00 PM ET,ATLANTA,BOSTON
021165,"Sat Apr 2, 2011",2:00 PM ET,TAMPA BAY,MINNESOTA
021166,"Sat Apr 2, 2011",3:00 PM ET,DETROIT,NASHVILLE
021167,"Sat Apr 2, 2011",4:00 PM ET,DALLAS,LOS ANGELES
021168,"Sat Apr 2, 2011",7:00 PM ET,TORONTO,OTTAWA
021169,"Sat Apr 2, 2011",7:00 PM ET,MONTREAL,NEW JERSEY
021170,"Sat Apr 2, 2011",7:00 PM ET,CAROLINA,NY ISLANDERS
021171,"Sat Apr 2, 2011",7:00 PM ET,BUFFALO,WASHINGTON
021172,"Sat Apr 2, 2011",7:00 PM ET,PITTSBURGH,FLORIDA
021173,"Sat Apr 2, 2011",10:00 PM ET,EDMONTON,VANCOUVER
021174,"Sat Apr 2, 2011",10:30 PM ET,ANAHEIM,SAN JOSE
021175,"Sun Apr 3, 2011",3:00 PM ET,NY RANGERS,PHILADELPHIA
021176,"Sun Apr 3, 2011",5:00 PM ET,BUFFALO,CAROLINA
021177,"Sun Apr 3, 2011",5:00 PM ET,MINNESOTA,DETROIT
021178,"Sun Apr 3, 2011",5:00 PM ET,ST LOUIS,COLUMBUS
021179,"Sun Apr 3, 2011",7:00 PM ET,TAMPA BAY,CHICAGO
021180,"Sun Apr 3, 2011",8:00 PM ET,CALGARY,COLORADO
021181,"Sun Apr 3, 2011",8:00 PM ET,DALLAS,ANAHEIM
021182,"Mon Apr 4, 2011",7:30 PM ET,BOSTON,NY RANGERS
021183,"Mon Apr 4, 2011",10:00 PM ET,LOS ANGELES,SAN JOSE
021184,"Tue Apr 5, 2011",7:00 PM ET,TAMPA BAY,BUFFALO
021185,"Tue Apr 5, 2011",7:00 PM ET,WASHINGTON,TORONTO
021186,"Tue Apr 5, 2011",7:30 PM ET,NEW JERSEY,PITTSBURGH
021187,"Tue Apr 5, 2011",7:30 PM ET,CHICAGO,MONTREAL
021188,"Tue Apr 5, 2011",7:30 PM ET,PHILADELPHIA,OTTAWA
021189,"Tue Apr 5, 2011",8:00 PM ET,COLORADO,ST LOUIS
021190,"Tue Apr 5, 2011",8:00 PM ET,ATLANTA,NASHVILLE
021191,"Tue Apr 5, 2011",8:30 PM ET,COLUMBUS,DALLAS
021192,"Tue Apr 5, 2011",9:00 PM ET,VANCOUVER,EDMONTON
021193,"Wed Apr 6, 2011",7:00 PM ET,NY ISLANDERS,BOSTON
021194,"Wed Apr 6, 2011",7:00 PM ET,TORONTO,NEW JERSEY
021195,"Wed Apr 6, 2011",7:00 PM ET,FLORIDA,WASHINGTON
021196,"Wed Apr 6, 2011",7:00 PM ET,DETROIT,CAROLINA
021197,"Wed Apr 6, 2011",8:00 PM ET,ST LOUIS,CHICAGO
021198,"Wed Apr 6, 2011",9:30 PM ET,EDMONTON,CALGARY
021199,"Wed Apr 6, 2011",10:00 PM ET,SAN JOSE,ANAHEIM
021200,"Wed Apr 6, 2011",10:30 PM ET,PHOENIX,LOS ANGELES
021201,"Thu Apr 7, 2011",7:00 PM ET,ATLANTA,NY RANGERS
021202,"Thu Apr 7, 2011",7:00 PM ET,MONTREAL,OTTAWA
021203,"Thu Apr 7, 2011",8:30 PM ET,COLORADO,DALLAS
021204,"Thu Apr 7, 2011",10:00 PM ET,MINNESOTA,VANCOUVER
021205,"Fri Apr 8, 2011",7:00 PM ET,PITTSBURGH,NY ISLANDERS
021206,"Fri Apr 8, 2011",7:30 PM ET,CHICAGO,DETROIT
021207,"Fri Apr 8, 2011",7:30 PM ET,PHILADELPHIA,BUFFALO
021208,"Fri Apr 8, 2011",7:30 PM ET,CAROLINA,ATLANTA
021209,"Fri Apr 8, 2011",7:30 PM ET,FLORIDA,TAMPA BAY
021210,"Fri Apr 8, 2011",8:00 PM ET,COLUMBUS,NASHVILLE
021211,"Fri Apr 8, 2011",9:00 PM ET,DALLAS,COLORADO
021212,"Fri Apr 8, 2011",9:00 PM ET,MINNESOTA,EDMONTON
021213,"Fri Apr 8, 2011",10:00 PM ET,SAN JOSE,PHOENIX
021214,"Fri Apr 8, 2011",10:00 PM ET,LOS ANGELES,ANAHEIM
021215,"Sat Apr 9, 2011",12:30 PM ET,NEW JERSEY,NY RANGERS
021216,"Sat Apr 9, 2011",1:00 PM ET,OTTAWA,BOSTON
021217,"Sat Apr 9, 2011",7:00 PM ET,MONTREAL,TORONTO
021218,"Sat Apr 9, 2011",7:00 PM ET,NY ISLANDERS,PHILADELPHIA
021219,"Sat Apr 9, 2011",7:00 PM ET,TAMPA BAY,CAROLINA
021220,"Sat Apr 9, 2011",7:00 PM ET,WASHINGTON,FLORIDA
021221,"Sat Apr 9, 2011",7:00 PM ET,BUFFALO,COLUMBUS
021222,"Sat Apr 9, 2011",8:00 PM ET,NASHVILLE,ST LOUIS
021223,"Sat Apr 9, 2011",10:00 PM ET,VANCOUVER,CALGARY
021224,"Sat Apr 9, 2011",10:30 PM ET,ANAHEIM,LOS ANGELES
021225,"Sat Apr 9, 2011",10:30 PM ET,PHOENIX,SAN JOSE
021226,"Sun Apr 10, 2011",3:00 PM ET,BOSTON,NEW JERSEY
021227,"Sun Apr 10, 2011",3:00 PM ET,PITTSBURGH,ATLANTA
021228,"Sun Apr 10, 2011",3:00 PM ET,EDMONTON,COLORADO
021229,"Sun Apr 10, 2011",4:00 PM ET,DETROIT,CHICAGO
021230,"Sun Apr 10, 2011",6:00 PM ET,DALLAS,MINNESOTA
